,invoice_no,order_no,sales_rep_name,site,date,ship_to_country,market_segment,quantity,unit_cost,unit_price,total_profit_usd,total_cost_usd,total_value_usd
0,24002290,24100343,FBER,B,2024-06-28,US,TR,1464,10.26,14.79,6638,15015,21653
1,24002290,24100343,FBER,B,2024-06-28,US,TR,1,0.0,0.0,0,0,0
2,24002292,24101537,FBER,B,2024-06-28,US,TR,100,3.6,10.88,728,360,1088
3,24002292,24101537,FBER,B,2024-06-28,US,TR,1,0.0,0.0,0,0,0
4,24002293,23103363,KTIE,B,2024-06-28,US,NT,21,14.25,59.54,951,299,1250
5,24002293,23103363,KTIE,B,2024-06-28,US,NT,1,0.0,0.0,0,0,0
6,24002294,23103642,KTIE,B,2024-06-28,CA,NW,2056,21.55,35.9,29500,44310,73810
7,24002295,24100217,SBEA,B,2024-06-28,US,TA,221,10.74,126.85,25660,2374,28034
8,24002295,24100217,SBEA,B,2024-06-28,US,TA,1,0.0,0.0,0,0,0
9,24002296,24100255,SBEA,B,2024-06-28,US,TA,20,34.42,107.85,1469,688,2157
10,24002296,24100255,SBEA,B,2024-06-28,US,TA,1,0.0,0.0,0,0,0
11,24002297,24101517,FBER,B,2024-06-28,US,TR,50,10.58,15.54,248,529,777
12,24002297,24101517,FBER,B,2024-06-28,US,TR,1,0.0,0.0,0,0,0
13,24002298,24101563,MWIS,B,2024-06-28,US,PO,40,10.87,32.39,861,435,1296
14,24002298,24101563,MWIS,B,2024-06-28,US,PO,1,0.0,0.0,0,0,0
15,24002299,23102917,GXAV,B,2024-06-28,US,TE,1500,7.19,8.54,2028,10782,12810
16,24002300,23103085,DGAS,B,2024-06-28,US,PS,300,1.35,2.78,428,406,834
17,24002300,23103085,DGAS,B,2024-06-28,US,PS,1,0.0,0.0,0,0,0
18,24002301,23103166,KTIE,B,2024-06-28,US,NW,1079,23.7,35.9,13159,25577,38736
19,24002301,23103166,KTIE,B,2024-06-28,US,NW,1,0.0,160.0,160,0,160
20,24002302,23103191,MRHO,B,2024-06-28,US,PO,100,6.3,6.58,28,630,658
21,24002302,23103191,MRHO,B,2024-06-28,US,PO,1,0.0,0.0,0,0,0
22,24002303,23103239,DGAS,B,2024-06-28,US,PV,525,1.91,10.87,4702,1005,5707
23,24002303,23103239,DGAS,B,2024-06-28,US,PV,1,0.0,0.0,0,0,0
24,24002304,23103554,AMIN,B,2024-06-28,CA,TR,1592,8.49,16.5,12748,13520,26268
25,24002305,24100012,MRHO,B,2024-06-28,US,PS,150,4.57,8.06,523,686,1209
26,24002305,24100012,MRHO,B,2024-06-28,US,PS,1,0.0,0.0,0,0,0
27,24002306,24100043,DGAS,B,2024-06-28,US,PV,250,2.46,5.15,674,614,1288
28,24002306,24100043,DGAS,B,2024-06-28,US,PV,1,0.0,0.0,0,0,0
29,24002307,24100065,OGAL,B,2024-06-28,US,NH,110,9.2,24.49,1682,1012,2694
30,24002307,24100065,OGAL,B,2024-06-28,US,NH,1,0.0,0.0,100,0,100
31,24002308,24100317,DGAS,B,2024-06-28,US,PV,300,2.46,5.15,808,737,1545
32,24002308,24100317,DGAS,B,2024-06-28,US,PV,1,0.0,0.0,0,0,0
33,24002309,24100324,MWIS,B,2024-06-28,US,PI,250,52.03,93.65,10405,13008,23413
34,24002309,24100324,MWIS,B,2024-06-28,US,PI,161,11.22,20.2,1446,1806,3252
35,24002309,24100324,MWIS,B,2024-06-28,US,PI,1,0.0,146.78,147,0,147
36,24002310,24100453,MRHO,B,2024-06-28,US,PS,1200,3.43,4.83,1676,4120,5796
37,24002310,24100453,MRHO,B,2024-06-28,US,PS,1,0.0,0.0,0,0,0
38,24002311,24100492,MWIS,B,2024-06-28,US,PM,600,12.35,43.48,18675,7413,26088
39,24002311,24100492,MWIS,B,2024-06-28,US,PM,1,0.0,0.0,0,0,0
40,24002312,24100609,SBEA,B,2024-06-28,US,TA,100,4.42,28.78,2436,442,2878
41,24002312,24100609,SBEA,B,2024-06-28,US,TA,1,0.0,0.0,0,0,0
42,24002313,24100636,KTIE,B,2024-06-28,US,NW,400,41.23,40.07,-466,16494,16028
43,24002314,24100729,MWIS,B,2024-06-28,US,PM,4,18.05,99.61,326,72,398
44,24002314,24100729,MWIS,B,2024-06-28,US,PM,1,0.0,0.0,24,0,24
45,24002315,24100789,GXAV,B,2024-06-28,US,TE,200,21.74,32.95,2242,4348,6590
46,24002315,24100789,GXAV,B,2024-06-28,US,TE,1,0.0,0.0,0,0,0
47,24002316,24100838,SBEA,B,2024-06-28,US,TA,2000,0.54,5.84,10598,1082,11680
48,24002317,24100959,KTIE,B,2024-06-28,US,NW,1400,28.25,47.48,26928,39544,66472
49,24002318,24100962,DGAS,B,2024-06-28,US,PS,8000,1.61,2.51,7163,12917,20080
50,24002319,24100978,BHOU,B,2024-06-28,CA,IC,300,50.06,67.47,5223,15018,20241
51,24002320,24100991,MRHO,B,2024-06-28,US,PI,104,9.55,23.98,1500,994,2494
52,24002320,24100991,MRHO,B,2024-06-28,US,PI,1,0.0,0.0,0,0,0
53,24002321,24101203,BHOU,B,2024-06-28,PE,NM,200,9.69,16.77,1416,1938,3354
54,24002322,24101247,SBEA,B,2024-06-28,US,TA,534,3.12,18.78,8363,1665,10029
55,24002323,24101435,MWIS,B,2024-06-28,US,OL,1,655.6,1780.0,1124,656,1780
56,24002323,24101435,MWIS,B,2024-06-28,US,OL,1,0.0,0.0,0,0,0
57,24002324,24101552,FBER,B,2024-06-28,US,TR,48,4.14,7.04,139,199,338
58,24002324,24101552,FBER,B,2024-06-28,US,TR,1,0.0,0.0,0,0,0
59,24002325,24101658,MWIS,B,2024-06-28,US,PO,24,7.87,29.23,513,189,702
60,24002325,24101658,MWIS,B,2024-06-28,US,PO,1,0.0,23.91,24,0,24
61,24002325,24101658,MWIS,B,2024-06-28,US,PO,24,5.78,22.82,409,139,548
62,24002325,24101658,MWIS,B,2024-06-28,US,PO,1,0.0,16.63,17,0,17
63,24002326,24101752,GXAV,B,2024-06-28,US,TR,175,119.91,169.48,8675,20984,29659
64,24002327,24101769,KTIE,B,2024-06-28,US,NW,1,0.0,108.0,108,0,108
65,24401219,23200772,SBEA,T,2024-06-28,US,TA,9,49.45,86.12,241,327,568
66,24401219,23200772,SBEA,T,2024-06-28,US,TA,100,49.45,86.12,2677,3636,6313
67,24401219,23200772,SBEA,T,2024-06-28,US,TA,100,49.45,86.12,2677,3636,6313
68,24401219,23200772,SBEA,T,2024-06-28,US,TA,100,49.45,86.12,2677,3636,6313
69,24401219,23200772,SBEA,T,2024-06-28,US,TA,100,49.45,86.12,2677,3636,6313
70,24401219,23200772,SBEA,T,2024-06-28,US,TA,100,49.45,86.12,2677,3636,6313
71,24401219,23200772,SBEA,T,2024-06-28,US,TA,100,49.45,86.12,2677,3636,6313
72,24401219,23200772,SBEA,T,2024-06-28,US,TA,100,49.45,86.12,2677,3636,6313
73,24401219,23200772,SBEA,T,2024-06-28,US,TA,105,49.45,86.12,2811,3818,6629
74,24401219,23200772,SBEA,T,2024-06-28,US,TA,105,49.45,86.12,2811,3818,6629
75,24401219,23200772,SBEA,T,2024-06-28,US,TA,81,49.45,86.12,2169,2945,5114
76,24401220,23201793,THOU,T,2024-06-28,US,IC,72,33.78,50.05,853,1789,2642
77,24401221,24200135,SBEA,T,2024-06-28,US,TA,1931,1.44,5.38,5565,2043,7608
78,24401221,24200135,SBEA,T,2024-06-28,US,TA,69,1.44,5.38,199,73,272
79,24401221,24200135,SBEA,T,2024-06-28,US,TA,1000,1.44,5.38,2882,1058,3940
80,24401221,24200135,SBEA,T,2024-06-28,US,TA,2000,1.44,5.38,5764,2116,7880
81,24401222,24200186,SBEA,T,2024-06-28,US,TA,52,44.57,73.2,1086,1704,2790
82,24401222,24200186,SBEA,T,2024-06-28,US,TA,100,44.57,73.2,2089,3277,5366
83,24401222,24200186,SBEA,T,2024-06-28,US,TA,100,44.57,73.2,2089,3277,5366
84,24401222,24200186,SBEA,T,2024-06-28,US,TA,100,44.57,73.2,2089,3277,5366
85,24401222,24200186,SBEA,T,2024-06-28,US,TA,100,44.57,73.2,2089,3277,5366
86,24401222,24200186,SBEA,T,2024-06-28,US,TA,100,44.57,73.2,2089,3277,5366
87,24401222,24200186,SBEA,T,2024-06-28,US,TA,100,44.57,73.2,2089,3277,5366
88,24401222,24200186,SBEA,T,2024-06-28,US,TA,100,44.57,73.2,2089,3277,5366
89,24401222,24200186,SBEA,T,2024-06-28,US,TA,100,44.57,73.2,2089,3277,5366
90,24401222,24200186,SBEA,T,2024-06-28,US,TA,108,44.57,73.2,2256,3540,5795
91,24401222,24200186,SBEA,T,2024-06-28,US,TA,100,44.57,73.2,2089,3277,5366
92,24401222,24200186,SBEA,T,2024-06-28,US,TA,100,44.57,73.2,2089,3277,5366
93,24401222,24200186,SBEA,T,2024-06-28,US,TA,100,44.57,73.2,2089,3277,5366
94,24401222,24200186,SBEA,T,2024-06-28,US,TA,105,44.57,73.2,2193,3441,5634
95,24401222,24200186,SBEA,T,2024-06-28,US,TA,110,44.57,73.2,2297,3605,5903
96,24401222,24200186,SBEA,T,2024-06-28,US,TA,100,44.57,73.2,2089,3277,5366
97,24401222,24200186,SBEA,T,2024-06-28,US,TA,105,44.57,73.2,2193,3441,5634
98,24401222,24200186,SBEA,T,2024-06-28,US,TA,110,44.57,73.2,2297,3605,5903
99,24401222,24200186,SBEA,T,2024-06-28,US,TA,105,44.57,73.2,2193,3441,5634
100,24401222,24200186,SBEA,T,2024-06-28,US,TA,105,44.57,73.2,2193,3441,5634
101,24401223,24200358,GXAV,T,2024-06-28,US,TE,500,9.4,31.51,8093,3457,11550
102,24401224,24200698,GXAV,T,2024-06-28,US,TE,400,38.47,74.99,10674,11314,21988
103,24401225,24200785,THOU,T,2024-06-28,US,IC,50,26.68,34.76,293,981,1274
104,24401225,24200785,THOU,T,2024-06-28,US,IC,92,26.68,34.76,539,1805,2344
105,24401226,24200932,THOU,T,2024-06-28,US,IC,1000,23.98,5.55,-13564,17634,4070
106,24401227,24201001,AMIN,T,2024-06-28,CA,OL,50,7.95,14.08,412,292,704
107,24401227,24201001,AMIN,T,2024-06-28,CA,OL,50,7.95,14.08,412,292,704
108,317072,23250649,WMOR,D,2024-06-28,US,TE,35,2280.44,2837.54,14112,58688,72800
109,317074,24250015,KTIE,D,2024-06-28,US,NW,13,3147.76,5020.26,17751,30089,47840
110,317075,24250065,SGOY,D,2024-06-28,CA,TR,15,205.55,235.98,328,2267,2595
111,317076,24250409,OGAL,D,2024-06-28,CA,PP,2,826.04,2017.0,2819,1215,4034
112,24002275,24101731,FBER,B,2024-06-27,US,TR,1,119.91,156.0,36,120,156
113,24002275,24101731,FBER,B,2024-06-27,US,TR,1,0.0,0.0,0,0,0
114,24002276,24101453,DGAS,B,2024-06-27,US,PO,50,11.97,21.69,486,599,1085
115,24002276,24101453,DGAS,B,2024-06-27,US,PO,1,0.0,0.0,0,0,0
116,24002277,24101524,MRHO,B,2024-06-27,US,PO,100,17.65,55.86,3821,1765,5586
117,24002277,24101524,MRHO,B,2024-06-27,US,PO,1,0.0,0.0,127,0,127
118,24002278,24101582,MWIS,B,2024-06-27,US,PO,50,2.43,9.15,336,121,458
119,24002278,24101582,MWIS,B,2024-06-27,US,PO,50,3.85,12.48,432,192,624
120,24002278,24101582,MWIS,B,2024-06-27,US,PO,1,0.0,0.0,0,0,0
121,24002279,23103526,BHOU,B,2024-06-27,US,TC,15000,2.6,3.2,9062,38939,48000
122,24002280,24100013,MRHO,B,2024-06-27,US,PS,100,4.12,4.56,44,412,456
123,24002280,24100013,MRHO,B,2024-06-27,US,PS,1,0.0,0.0,0,0,0
124,24002281,24100633,KTIE,B,2024-06-27,US,NW,1400,26.51,61.96,49624,37120,86744
125,24002282,24100639,KTIE,B,2024-06-27,US,NW,900,10.81,29.74,17033,9733,26766
126,24002283,24100973,MWIS,B,2024-06-27,US,PV,24,12.82,25.64,308,308,615
127,24002283,24100973,MWIS,B,2024-06-27,US,PV,1,0.0,0.0,0,0,0
128,24002284,24101441,MWIS,B,2024-06-27,US,OL,100,5.32,16.59,1127,532,1659
129,24002284,24101441,MWIS,B,2024-06-27,US,OL,1,0.0,0.0,0,0,0
130,24002285,24101523,DGAS,B,2024-06-27,US,PP,24,17.67,31.04,321,424,745
131,24002285,24101523,DGAS,B,2024-06-27,US,PP,1,0.0,0.0,0,0,0
132,24002286,24101547,MRHO,B,2024-06-27,US,TE,20,220.0,385.0,3300,4400,7700
133,24002286,24101547,MRHO,B,2024-06-27,US,TE,1,0.0,174.88,175,0,175
134,24002287,24101568,MWIS,B,2024-06-27,US,PO,50,4.96,12.23,363,248,612
135,24002287,24101568,MWIS,B,2024-06-27,US,PO,50,8.69,14.31,281,435,716
136,24002287,24101568,MWIS,B,2024-06-27,US,PO,1,0.0,0.0,39,0,39
137,24002288,24101576,DGAS,B,2024-06-27,US,OL,24,3.86,15.59,282,93,374
138,24002288,24101576,DGAS,B,2024-06-27,US,OL,1,0.0,0.0,0,0,0
139,24002289,24101592,MRHO,B,2024-06-27,US,OL,20,7.37,37.35,600,147,747
140,24002289,24101592,MRHO,B,2024-06-27,US,OL,1,0.0,0.0,0,0,0
141,24401207,24200409,GXAV,T,2024-06-27,US,TE,300,38.47,92.16,11783,8485,20268
142,24401208,24200668,THOU,T,2024-06-27,US,IC,462,1.38,11.84,3542,468,4010
143,24401208,24200668,THOU,T,2024-06-27,US,IC,30,1.38,11.84,230,30,260
144,24401209,24200139,FBER,T,2024-06-27,US,TE,3000,38.47,89.0,110867,84853,195720
145,24401210,24200719,SGOY,T,2024-06-27,CA,TE,150,4.72,7.17,555,520,1076
146,24401211,24200873,AMIN,T,2024-06-27,CA,OL,25,19.08,46.59,814,351,1165
147,24401212,24200908,OGAL,T,2024-06-27,CA,PO,200,4.26,10.65,1503,627,2130
148,24401213,24200910,AMIN,T,2024-06-27,CA,PM,4,25.42,109.32,363,75,437
149,24401214,24200914,OGAL,T,2024-06-27,CA,PO,5,6.49,71.61,334,24,358
150,24401215,24200947,AMIN,T,2024-06-27,CA,PO,4,10.82,43.73,143,32,175
151,24401216,24200970,SGOY,T,2024-06-27,CA,NH,12,12.41,56.13,564,109,674
152,24401217,24200993,AMIN,T,2024-06-27,CA,PM,24,19.87,80.39,1579,351,1929
153,24401218,24201007,AMIN,T,2024-06-27,CA,NM,12,22.1,149.42,1598,195,1793
154,317066,24250083,FBER,D,2024-06-27,US,PS,10,2770.86,12727.34,72921,20374,93295
155,317066,24250083,FBER,D,2024-06-27,US,PS,1,0.01,0.0,0,0,0
156,317067,24250204,JAKI,D,2024-06-27,CA,NW,4,28588.0,43378.83,43110,84082,127192
157,317068,24250352,MWIS,D,2024-06-27,US,OL,5,63.63,462.66,1462,234,1696
158,317069,24250406,MWIS,D,2024-06-27,US,OL,5,63.63,462.66,1462,234,1696
159,317070,24250478,WMOR,D,2024-06-27,US,TR,24,4.64,15.96,199,82,281
160,317070,24250478,WMOR,D,2024-06-27,US,TR,24,3.91,13.52,169,69,238
161,317070,24250478,WMOR,D,2024-06-27,US,TR,24,0.74,13.52,225,13,238
162,24002247,23103144,BHOU,B,2024-06-26,ME,IC,20,167.63,219.7,1041,3353,4394
163,24002247,23103144,BHOU,B,2024-06-26,ME,IC,25,18.9,46.9,700,473,1173
164,24002247,23103144,BHOU,B,2024-06-26,ME,IC,10,68.34,179.9,1116,683,1799
165,24002248,23102309,BHOU,B,2024-06-26,AU,IC,9,92.6,140.06,427,833,1261
166,24002250,24100362,BHOU,B,2024-06-26,AU,IC,1,35.79,81.62,46,36,82
167,24002251,24100349,GXAV,B,2024-06-26,US,TR,500,7.88,15.64,3880,3940,7820
168,24002252,24100106,KTIE,B,2024-06-26,US,NT,5,14.25,58.54,221,71,293
169,24002252,24100106,KTIE,B,2024-06-26,US,NT,21,14.25,58.54,930,299,1229
170,24002252,24100106,KTIE,B,2024-06-26,US,NT,22,14.25,58.54,974,313,1288
171,24002252,24100106,KTIE,B,2024-06-26,US,NT,1,0.0,0.0,0,0,0
172,24002253,24100765,OGAL,B,2024-06-26,US,PO,49,29.1,62.47,1635,1426,3061
173,24002253,24100765,OGAL,B,2024-06-26,US,PO,1,0.0,0.0,73,0,73
174,24002254,24100817,SBEA,B,2024-06-26,US,TA,500,39.7,58.09,9196,19850,29045
175,24002254,24100817,SBEA,B,2024-06-26,US,TA,1,0.0,0.0,0,0,0
176,24002255,24101517,FBER,B,2024-06-26,US,TR,24,8.53,9.87,32,205,237
177,24002255,24101517,FBER,B,2024-06-26,US,TR,1,0.0,0.0,0,0,0
178,24002256,24100122,OGAL,B,2024-06-26,US,PM,40,13.26,32.86,784,530,1314
179,24002256,24100122,OGAL,B,2024-06-26,US,PM,1,0.0,0.0,0,0,0
180,24002257,24100426,GXAV,B,2024-06-26,US,TE,100,7.1,12.4,530,710,1240
181,24002257,24100426,GXAV,B,2024-06-26,US,TE,1,0.0,0.0,0,0,0
182,24002258,24100518,DGAS,B,2024-06-26,US,PS,16072,0.36,0.94,9381,5726,15108
183,24002259,24100626,MRHO,B,2024-06-26,US,PS,2000,0.51,1.99,2965,1015,3980
184,24002259,24100626,MRHO,B,2024-06-26,US,PS,1,0.0,0.0,0,0,0
185,24002260,24100627,MRHO,B,2024-06-26,US,PS,2000,0.54,5.45,9827,1073,10900
186,24002260,24100627,MRHO,B,2024-06-26,US,PS,1,0.0,0.0,0,0,0
187,24002261,24100634,KTIE,B,2024-06-26,US,NW,2400,28.25,47.88,47122,67790,114912
188,24002262,24100906,KTIE,B,2024-06-26,US,NW,1000,23.7,35.9,12195,23705,35900
189,24002263,24100966,KTIE,B,2024-06-26,US,NW,288,10.88,21.58,3083,3132,6215
190,24002263,24100966,KTIE,B,2024-06-26,US,NW,1,0.0,0.0,452,0,452
191,24002264,24101055,KTIE,B,2024-06-26,US,NW,27,25.51,36.91,308,689,997
192,24002264,24101055,KTIE,B,2024-06-26,US,NW,1,0.0,0.0,49,0,49
193,24002265,24101167,DGAS,B,2024-06-26,US,PV,75,5.8,14.86,679,435,1115
194,24002265,24101167,DGAS,B,2024-06-26,US,PV,1,0.0,0.0,0,0,0
195,24002266,24101238,GXAV,B,2024-06-26,US,TR,24,8.58,12.01,82,206,288
196,24002266,24101238,GXAV,B,2024-06-26,US,TR,1,0.0,0.0,0,0,0
197,24002267,24101317,GXAV,B,2024-06-26,US,TE,200,16.13,49.2,6613,3227,9840
198,24002267,24101317,GXAV,B,2024-06-26,US,TE,1,0.0,0.0,0,0,0
199,24002268,24101452,MRHO,B,2024-06-26,US,TR,60,10.56,23.02,748,634,1381
200,24002268,24101452,MRHO,B,2024-06-26,US,TR,1,0.0,0.0,0,0,0
201,24002269,24101514,DGAS,B,2024-06-26,US,PP,64,16.3,27.23,699,1043,1743
202,24002269,24101514,DGAS,B,2024-06-26,US,PP,1,0.0,0.0,0,0,0
203,24002270,24101515,DGAS,B,2024-06-26,US,PP,16,7.75,19.77,192,124,316
204,24002270,24101515,DGAS,B,2024-06-26,US,PP,1,0.0,0.0,0,0,0
205,24002271,24101564,DGAS,B,2024-06-26,US,PP,10,3.74,15.18,114,37,152
206,24002271,24101564,DGAS,B,2024-06-26,US,PP,1,0.0,0.0,0,0,0
207,24002272,24101569,MWIS,B,2024-06-26,US,PO,24,46.6,67.98,513,1118,1632
208,24002272,24101569,MWIS,B,2024-06-26,US,PO,1,0.0,22.73,23,0,23
209,24002273,24101734,OGAL,B,2024-06-26,US,OL,2,632.5,1235.0,1205,1265,2470
210,24002273,24101734,OGAL,B,2024-06-26,US,OL,1,0.0,0.0,0,0,0
211,24002274,24101737,BHOU,B,2024-06-26,CA,IC,2,85.74,115.96,60,171,232
212,24002274,24101737,BHOU,B,2024-06-26,CA,IC,2,158.61,214.58,112,317,429
213,24002274,24101737,BHOU,B,2024-06-26,CA,IC,2,131.3,171.59,81,263,343
214,24002274,24101737,BHOU,B,2024-06-26,CA,IC,1,417.97,633.32,215,418,633
215,24002274,24101737,BHOU,B,2024-06-26,CA,IC,10,154.57,209.11,545,1546,2091
216,24401200,24200866,THOU,T,2024-06-26,US,IC,1100,24.8,5.55,-15580,20057,4477
217,24401201,24200663,AMIN,T,2024-06-26,CA,TE,398,23.98,27.84,4062,7019,11080
218,24401202,24200882,AMIN,T,2024-06-26,CA,PO,12,13.08,89.32,957,115,1072
219,24401203,24200907,AMIN,T,2024-06-26,CA,PP,11,12.41,75.41,729,100,830
220,24401204,24200946,AMIN,T,2024-06-26,CA,PM,8,16.78,100.0,701,99,800
221,24401205,24200951,AMIN,T,2024-06-26,CA,PM,10,14.83,46.15,352,109,462
222,24401206,24200968,JAKI,T,2024-06-26,CA,NW,10,93.09,118.19,497,685,1182
223,317062,24250294,OGAL,D,2024-06-26,US,PO,20,30.57,121.86,1337,450,1787
224,317063,24250305,MWIS,D,2024-06-26,US,PI,25,35.31,117.02,1495,649,2145
225,317064,24250318,MWIS,D,2024-06-26,US,PI,25,35.31,117.02,1495,649,2145
226,317065,23250884,SGOY,D,2024-06-26,CA,TE,1800,14.06,21.21,19568,18610,38178
227,24002226,23103300,FBER,B,2024-06-25,US,TR,200,6.92,11.86,988,1384,2372
228,24002226,23103300,FBER,B,2024-06-25,US,TR,1,0.0,0.0,0,0,0
229,24002227,24100343,FBER,B,2024-06-25,US,TR,1368,10.26,14.79,6203,14030,20233
230,24002228,24100349,GXAV,B,2024-06-25,US,TR,1,0.0,0.0,0,0,0
231,24002229,24100516,DGAS,B,2024-06-25,US,NM,500,10.78,17.09,3156,5389,8545
232,24002229,24100516,DGAS,B,2024-06-25,US,NM,1,0.0,0.0,0,0,0
233,24002230,24101307,MRHO,B,2024-06-25,US,NT,50,17.17,42.29,1256,859,2115
234,24002230,24101307,MRHO,B,2024-06-25,US,NT,1,0.0,0.0,0,0,0
235,24002231,24101491,FBER,B,2024-06-25,US,TR,150,3.24,3.78,80,487,567
236,24002231,24101491,FBER,B,2024-06-25,US,TR,1,0.0,0.0,0,0,0
237,24002232,23102293,FBER,B,2024-06-25,US,NO,1000,7.95,11.74,3789,7951,11740
238,24002233,23102574,BHOU,B,2024-06-25,AU,IC,299,35.79,81.62,13703,10701,24404
239,24002234,23102963,SBEA,B,2024-06-25,US,TA,50,20.17,142.93,6138,1009,7147
240,24002234,23102963,SBEA,B,2024-06-25,US,TA,1,0.0,0.0,0,0,0
241,24002235,23103113,MWIS,B,2024-06-25,US,PS,1500,1.28,4.36,4614,1926,6540
242,24002235,23103113,MWIS,B,2024-06-25,US,PS,1,0.0,0.0,0,0,0
243,24002236,24100672,FBER,B,2024-06-25,US,NO,300,135.31,169.14,10148,40594,50742
246,24002238,24101114,SGOY,B,2024-06-25,CA,TR,100,10.06,10.76,70,1006,1076
247,24002239,24101602,MRHO,B,2024-06-25,US,NO,5,103.7,677.41,2869,519,3387
248,24002240,24100137,SBEA,B,2024-06-25,US,TA,1000,1.92,4.59,2674,1916,4590
249,24002240,24100137,SBEA,B,2024-06-25,US,TA,1,0.0,0.0,0,0,0
250,24002241,24100761,KTIE,B,2024-06-25,US,NW,7,26.51,61.96,248,186,434
251,24002242,24100781,KTIE,B,2024-06-25,US,NW,1400,34.79,48.08,18604,48708,67312
252,24002242,24100781,KTIE,B,2024-06-25,US,NW,1200,25.02,41.11,19307,30025,49332
253,24002242,24100781,KTIE,B,2024-06-25,US,NW,1400,28.25,45.96,24800,39544,64344
254,24002243,24101031,MWIS,B,2024-06-25,US,PV,24,5.39,13.78,201,129,331
255,24002243,24101031,MWIS,B,2024-06-25,US,PV,1,0.0,0.0,0,0,0
256,24002244,24101104,MWIS,B,2024-06-25,US,PV,24,9.64,19.45,235,231,467
257,24002244,24101104,MWIS,B,2024-06-25,US,PV,1,0.0,0.0,0,0,0
258,24002245,24101424,OGAL,B,2024-06-25,US,OL,10,269.5,861.0,5915,2695,8610
259,24002245,24101424,OGAL,B,2024-06-25,US,OL,1,0.0,0.0,0,0,0
260,24002246,24101551,MWIS,B,2024-06-25,US,PO,8,10.36,52.24,335,83,418
261,24002246,24101551,MWIS,B,2024-06-25,US,PO,1,0.0,0.0,0,0,0
262,24401192,24200310,GXAV,T,2024-06-25,US,TE,200,9.4,31.51,3237,1383,4620
263,24401193,24200806,THOU,T,2024-06-25,US,IC,41,65.2,90.71,761,1966,2726
264,24401194,22200952,AMIN,T,2024-06-25,CA,TE,23,218.27,319.47,3656,3691,7348
265,24401195,24200535,SGOY,T,2024-06-25,CA,NH,121,24.46,69.2,6197,2176,8373
266,24401196,24200903,AMIN,T,2024-06-25,CA,PM,40,11.89,88.46,3189,350,3538
267,24401197,24200943,AMIN,T,2024-06-25,CA,PM,12,23.92,71.45,646,211,857
268,24401198,24200967,SGOY,T,2024-06-25,CA,PO,16,20.08,99.75,1360,236,1596
269,24401199,24200994,AMIN,T,2024-06-25,CA,PM,7,246.17,554.11,2612,1267,3879
270,317056,24250443,SGOY,D,2024-06-25,CA,TE,200,8.11,19.99,2805,1193,3998
271,317060,23250728,WMOR,D,2024-06-25,CA,TE,115,357.01,776.92,59157,30189,89346
272,317060,23250728,WMOR,D,2024-06-25,CA,TE,15,357.01,776.92,7716,3938,11654
273,317061,23250877,WMOR,D,2024-06-25,CA,TE,90,394.45,1149.03,77309,26104,103413
274,24002215,24100343,FBER,B,2024-06-24,US,TR,432,10.26,14.79,1959,4431,6389
275,24002215,24100343,FBER,B,2024-06-24,US,TR,1,0.0,0.0,0,0,0
276,24002215,24100343,FBER,B,2024-06-24,US,TR,2088,10.26,14.79,9467,21414,30882
277,24002215,24100343,FBER,B,2024-06-24,US,TR,1,0.0,0.0,0,0,0
278,24002216,24100969,KTIE,B,2024-06-24,US,NW,1,198.21,1239.55,1041,198,1240
279,24002216,24100969,KTIE,B,2024-06-24,US,NW,1,0.0,0.0,0,0,0
280,24002217,24101534,MWIS,B,2024-06-24,US,OL,24,5.78,23.52,426,139,564
281,24002217,24101534,MWIS,B,2024-06-24,US,OL,1,0.0,0.0,96,0,96
282,24002218,23103279,MWIS,B,2024-06-24,US,PI,144,29.35,63.8,4961,4226,9187
283,24002218,23103279,MWIS,B,2024-06-24,US,PI,1,0.0,0.0,475,0,475
284,24002219,23103416,DGAS,B,2024-06-24,US,PV,525,4.09,4.63,285,2146,2431
285,24002219,23103416,DGAS,B,2024-06-24,US,PV,1,0.0,0.0,0,0,0
286,24002220,24100000,DGAS,B,2024-06-24,US,PV,75,7.67,27.54,1490,575,2066
287,24002220,24100000,DGAS,B,2024-06-24,US,PV,1,0.0,0.0,0,0,0
288,24002221,24101079,SBEA,B,2024-06-24,US,TA,100,7.12,27.25,2013,712,2725
289,24002221,24101079,SBEA,B,2024-06-24,US,TA,1,0.0,0.0,0,0,0
290,24002222,24101313,MRHO,B,2024-06-24,US,PO,100,3.15,19.88,1673,315,1988
291,24002222,24101313,MRHO,B,2024-06-24,US,PO,1,0.0,0.0,44,0,44
292,24002223,24101403,MWIS,B,2024-06-24,US,PO,100,6.08,18.59,1251,608,1859
293,24002223,24101403,MWIS,B,2024-06-24,US,PO,1,0.0,0.0,51,0,51
294,24002224,24101521,DGAS,B,2024-06-24,US,PP,4,13.37,41.68,113,53,167
295,24002224,24101521,DGAS,B,2024-06-24,US,PP,1,0.0,0.0,24,0,24
296,24002225,24101557,GXAV,B,2024-06-24,US,TR,25,119.91,169.48,1239,2998,4237
297,24401183,23201802,SBEA,T,2024-06-24,US,TA,30,14.66,20.97,138,323,461
298,24401183,23201802,SBEA,T,2024-06-24,US,TA,60,14.66,20.97,275,647,922
299,24401183,23201802,SBEA,T,2024-06-24,US,TA,160,14.66,20.97,735,1725,2459
300,24401183,23201802,SBEA,T,2024-06-24,US,TA,34,27.05,60.73,837,676,1514
301,24401183,23201802,SBEA,T,2024-06-24,US,TA,100,27.05,60.73,2463,1989,4452
302,24401183,23201802,SBEA,T,2024-06-24,US,TA,116,27.05,60.73,2857,2307,5164
303,24401184,24200479,SBEA,T,2024-06-24,US,TA,100,18.75,30.14,830,1379,2209
304,24401184,24200479,SBEA,T,2024-06-24,US,TA,100,18.75,30.14,830,1379,2209
305,24401184,24200479,SBEA,T,2024-06-24,US,TA,100,18.75,30.14,830,1379,2209
306,24401184,24200479,SBEA,T,2024-06-24,US,TA,100,18.75,30.14,830,1379,2209
307,24401184,24200479,SBEA,T,2024-06-24,US,TA,100,18.75,30.14,830,1379,2209
308,24401185,24200536,SBEA,T,2024-06-24,US,TA,182,1.41,18.14,2231,189,2421
309,24401185,24200536,SBEA,T,2024-06-24,US,TA,18,1.41,18.14,221,19,239
310,24401186,24200728,AMIN,T,2024-06-24,CA,PM,6,9.1,75.09,410,40,451
311,24401187,24200801,SGOY,T,2024-06-24,CA,OL,1000,2.38,7.21,5459,1751,7210
312,24401188,24200930,AMIN,T,2024-06-24,CA,PM,30,14.06,54.62,1328,310,1639
313,24401189,24200953,SGOY,T,2024-06-24,CA,NH,20,13.34,54.4,892,196,1088
314,24401190,24200954,SGOY,T,2024-06-24,CA,PO,20,38.75,137.08,2172,570,2742
315,24401191,24200971,SGOY,T,2024-06-24,CA,NH,20,17.24,125.69,2260,254,2514
316,24002198,23102048,DGAS,B,2024-06-21,US,NM,930,16.07,20.98,4570,14942,19511
317,24002199,24100343,FBER,B,2024-06-21,US,TR,864,10.26,14.79,3917,8861,12779
318,24002200,24100649,MWIS,B,2024-06-21,US,PS,600,4.76,9.87,3065,2857,5922
319,24002200,24100649,MWIS,B,2024-06-21,US,PS,1,0.0,0.0,0,0,0
320,24002201,24101356,DGAS,B,2024-06-21,US,OM,8,8.82,41.21,259,71,330
321,24002201,24101356,DGAS,B,2024-06-21,US,OM,1,0.0,0.0,0,0,0
322,24002202,24101677,MWIS,B,2024-06-21,US,OL,1,296.0,1624.0,1328,296,1624
323,24002202,24101677,MWIS,B,2024-06-21,US,OL,1,0.0,0.0,40,0,40
324,24002203,23103190,MRHO,B,2024-06-21,US,PO,100,7.87,8.66,79,787,866
325,24002203,23103190,MRHO,B,2024-06-21,US,PO,1,0.0,0.0,0,0,0
326,24002204,24100317,DGAS,B,2024-06-21,US,PV,150,4.75,8.06,497,712,1209
327,24002204,24100317,DGAS,B,2024-06-21,US,PV,1,0.0,0.0,0,0,0
328,24002205,24100639,KTIE,B,2024-06-21,US,NW,100,37.71,46.0,829,3771,4600
329,24002206,24100645,BHOU,B,2024-06-21,US,TC,100,1.66,4.67,301,166,467
330,24002207,24101102,MRHO,B,2024-06-21,US,PI,24,17.34,41.6,582,416,998
331,24002207,24101102,MRHO,B,2024-06-21,US,PI,1,0.0,0.0,0,0,0
332,24002208,24101238,GXAV,B,2024-06-21,US,TR,24,3.47,10.26,163,83,246
333,24002208,24101238,GXAV,B,2024-06-21,US,TR,1,0.0,0.0,0,0,0
334,24002209,24101391,BHOU,B,2024-06-21,US,TC,500,1.66,4.67,1507,828,2335
335,24002210,24101395,BHOU,B,2024-06-21,US,TC,10000,1.47,2.34,8680,14720,23400
336,24002211,24101480,MRHO,B,2024-06-21,US,TR,40,11.78,18.41,265,471,736
337,24002211,24101480,MRHO,B,2024-06-21,US,TR,1,0.0,0.0,0,0,0
338,24002212,24101533,MWIS,B,2024-06-21,US,OL,40,5.05,14.34,371,202,574
339,24002212,24101533,MWIS,B,2024-06-21,US,OL,1,0.0,0.0,0,0,0
340,24002213,24101675,GXAV,B,2024-06-21,US,TE,200,1.93,13.92,2398,386,2784
341,24002213,24101675,GXAV,B,2024-06-21,US,TE,1,0.0,0.0,0,0,0
342,24002214,24101678,DGAS,B,2024-06-21,US,TR,50,10.73,19.94,461,536,997
343,24401172,23201717,SBEA,T,2024-06-21,US,TA,50,40.05,100.23,2201,1472,3674
344,24401173,24200481,SBEA,T,2024-06-21,US,TA,70,26.58,55.43,1476,1368,2844
345,24401174,24200769,SBEA,T,2024-06-21,US,TA,5,18.9,36.78,65,69,135
346,24401174,24200769,SBEA,T,2024-06-21,US,TA,100,18.9,36.78,1306,1390,2696
347,24401174,24200769,SBEA,T,2024-06-21,US,TA,100,18.9,36.78,1306,1390,2696
348,24401174,24200769,SBEA,T,2024-06-21,US,TA,102,18.9,36.78,1332,1417,2750
349,24401174,24200769,SBEA,T,2024-06-21,US,TA,108,18.9,36.78,1411,1501,2912
350,24401175,24200514,SGOY,T,2024-06-21,CA,PO,1,1253.7,2388.34,1467,922,2388
351,24401176,24200886,SGOY,T,2024-06-21,CA,TE,53,6.91,15.54,554,269,824
352,24401177,24200887,SGOY,T,2024-06-21,US,TE,50,6.91,15.54,523,254,777
353,24401178,24200916,SGOY,T,2024-06-21,CA,PO,45,39.01,105.18,3442,1291,4733
354,24401179,24200917,SGOY,T,2024-06-21,CA,PO,8,10.26,76.0,548,60,608
355,24401180,24200929,AMIN,T,2024-06-21,CA,PO,8,10.82,36.6,229,64,293
356,24401181,24200942,SGOY,T,2024-06-21,CA,PO,4,5.69,41.54,149,17,166
357,24401182,24200974,AMIN,T,2024-06-21,CA,PO,1,173.24,412.94,286,127,413
358,317051,23250730,WMOR,D,2024-06-21,CA,TE,100,357.01,776.92,51441,26251,77692
359,24002185,24101065,GXAV,B,2024-06-20,US,TR,50,22.08,149.38,6365,1104,7469
360,24002185,24101065,GXAV,B,2024-06-20,US,TR,50,0.0,0.0,0,0,0
361,24002185,24101065,GXAV,B,2024-06-20,US,TR,50,0.0,0.0,0,0,0
362,24002185,24101065,GXAV,B,2024-06-20,US,TR,1,0.0,0.0,0,0,0
363,24002186,24100256,SBEA,B,2024-06-20,US,TA,12,4.86,113.6,1305,58,1363
364,24002186,24100256,SBEA,B,2024-06-20,US,TA,1,0.0,0.0,0,0,0
365,24002187,24101562,OGAL,B,2024-06-20,US,NH,8,30.25,102.27,576,242,818
366,24002187,24101562,OGAL,B,2024-06-20,US,NH,1,0.0,0.0,41,0,41
367,24002188,23103423,MRHO,B,2024-06-20,US,PO,100,20.01,21.56,155,2001,2156
368,24002188,23103423,MRHO,B,2024-06-20,US,PO,1,0.0,0.0,0,0,0
369,24002189,24100089,SBEA,B,2024-06-20,US,TA,800,3.82,14.1,8222,3058,11280
370,24002189,24100089,SBEA,B,2024-06-20,US,TA,1,0.0,0.0,0,0,0
371,24002190,24100636,KTIE,B,2024-06-20,US,NW,200,28.87,72.49,8724,5774,14498
372,24002191,24100637,KTIE,B,2024-06-20,US,NW,200,12.44,34.88,4487,2489,6976
373,24002192,24100733,KTIE,B,2024-06-20,US,NW,12,13.25,27.4,170,159,329
374,24002192,24100733,KTIE,B,2024-06-20,US,NW,1,0.0,0.0,20,0,20
375,24002193,24100850,MWIS,B,2024-06-20,US,PO,1,755.7,1903.0,1147,756,1903
376,24002193,24100850,MWIS,B,2024-06-20,US,PO,1,889.0,1870.0,981,889,1870
377,24002193,24100850,MWIS,B,2024-06-20,US,PO,1,0.0,18.16,18,0,18
378,24002194,24100924,MRHO,B,2024-06-20,US,PS,150,3.62,6.32,405,543,948
379,24002194,24100924,MRHO,B,2024-06-20,US,PS,100,5.81,5.2,-61,581,520
380,24002194,24100924,MRHO,B,2024-06-20,US,PS,1,0.0,0.0,0,0,0
381,24002195,24101259,DGAS,B,2024-06-20,US,PV,24,2.46,9.1,159,59,218
382,24002195,24101259,DGAS,B,2024-06-20,US,PV,1,0.0,0.0,0,0,0
383,24002196,24101522,DGAS,B,2024-06-20,US,PP,4,4.06,37.5,134,16,150
384,24002196,24101522,DGAS,B,2024-06-20,US,PP,1,0.0,0.0,24,0,24
385,24002197,24101679,GXAV,B,2024-06-20,US,TR,2,106.18,193.63,175,212,387
386,24002197,24101679,GXAV,B,2024-06-20,US,TR,1,0.0,0.0,0,0,0
387,24401163,24200116,THOU,T,2024-06-20,US,IC,20,6.53,57.24,743,96,839
388,24401164,24200326,SBEA,T,2024-06-20,US,TA,4,19.77,42.8,67,58,125
389,24401164,24200326,SBEA,T,2024-06-20,US,TA,100,19.77,42.8,1683,1454,3137
390,24401164,24200326,SBEA,T,2024-06-20,US,TA,100,19.77,42.8,1683,1454,3137
391,24401164,24200326,SBEA,T,2024-06-20,US,TA,100,19.77,42.8,1683,1454,3137
392,24401164,24200326,SBEA,T,2024-06-20,US,TA,100,19.77,42.8,1683,1454,3137
393,24401164,24200326,SBEA,T,2024-06-20,US,TA,100,19.77,42.8,1683,1454,3137
394,24401164,24200326,SBEA,T,2024-06-20,US,TA,100,19.77,42.8,1683,1454,3137
395,24401164,24200326,SBEA,T,2024-06-20,US,TA,100,19.77,42.8,1683,1454,3137
396,24401164,24200326,SBEA,T,2024-06-20,US,TA,100,19.77,42.8,1683,1454,3137
397,24401164,24200326,SBEA,T,2024-06-20,US,TA,100,19.77,42.8,1683,1454,3137
398,24401164,24200326,SBEA,T,2024-06-20,US,TA,96,19.77,42.8,1616,1396,3012
399,24401165,24200682,SGOY,T,2024-06-20,CA,TE,150,4.72,7.17,555,520,1076
400,24401166,24200944,OGAL,T,2024-06-20,CA,PO,60,8.16,28.65,1359,360,1719
401,24401167,24200945,SGOY,T,2024-06-20,CA,PM,16,12.86,98.66,1427,151,1579
402,24401168,24200948,SGOY,T,2024-06-20,CA,PO,7,34.72,175.09,1047,179,1226
403,24401169,24200949,SGOY,T,2024-06-20,CA,PM,50,12.33,45.98,1846,453,2299
404,24401170,24200955,AMIN,T,2024-06-20,CA,PO,8,13.22,83.32,589,78,667
405,24401171,24200969,AMIN,T,2024-06-20,CA,TP,4,4.28,37.5,137,13,150
406,317047,24250215,MRHO,D,2024-06-20,US,PI,2,314.83,1529.88,1780,463,2243
407,317048,24250237,JAKI,D,2024-06-20,CA,NW,10,134.42,272.3,1735,988,2723
408,317048,24250237,JAKI,D,2024-06-20,CA,NW,10,103.43,210.4,1343,761,2104
409,317049,24250249,SGOY,D,2024-06-20,CA,TP,4,193.54,1260.0,4471,569,5040
410,317049,24250249,SGOY,D,2024-06-20,CA,TP,8,12.77,362.08,2822,75,2897
411,317052,24250374,JAKI,D,2024-06-20,CA,NH,4,92.7,312.18,643,273,915
412,317052,24250374,JAKI,D,2024-06-20,CA,NH,4,98.32,558.95,1350,289,1639
413,24002178,24100424,DGAS,B,2024-06-19,US,PV,250,25.34,20.77,-1143,6335,5193
414,24002178,24100424,DGAS,B,2024-06-19,US,PV,1,0.0,0.0,0,0,0
415,24002179,24101566,MWIS,B,2024-06-19,US,TP,8,46.68,119.82,585,373,959
416,24002179,24101566,MWIS,B,2024-06-19,US,TP,1,0.0,0.0,30,0,30
417,24002180,23102917,GXAV,B,2024-06-19,US,TE,2479,7.19,8.54,3352,17819,21171
418,24002181,24101438,MWIS,B,2024-06-19,US,OL,80,11.1,23.7,1008,888,1896
419,24002182,24101473,SGOY,B,2024-06-19,CA,TR,48,12.63,16.14,169,606,775
420,24002182,24101473,SGOY,B,2024-06-19,CA,TR,60,10.65,13.07,145,639,784
421,24002183,24101637,DGAS,B,2024-06-19,US,PP,36,8.59,20.38,424,309,734
422,24002183,24101637,DGAS,B,2024-06-19,US,PP,1,0.0,150.0,150,0,150
423,24002183,24101637,DGAS,B,2024-06-19,US,PP,1,0.0,0.0,0,0,0
424,24401155,23201826,SBEA,T,2024-06-19,US,TA,49,20.57,19.0,-59,741,683
425,24401155,23201826,SBEA,T,2024-06-19,US,TA,106,20.57,19.0,-127,1603,1477
426,24401155,23201826,SBEA,T,2024-06-19,US,TA,105,20.57,19.0,-126,1588,1463
427,24401155,23201826,SBEA,T,2024-06-19,US,TA,106,20.57,19.0,-127,1603,1477
428,24401155,23201826,SBEA,T,2024-06-19,US,TA,108,20.57,19.0,-129,1634,1504
429,24401155,23201826,SBEA,T,2024-06-19,US,TA,106,20.57,19.0,-127,1603,1477
430,24401155,23201826,SBEA,T,2024-06-19,US,TA,106,20.57,19.0,-127,1603,1477
431,24401155,23201826,SBEA,T,2024-06-19,US,TA,100,20.57,19.0,-120,1513,1393
432,24401155,23201826,SBEA,T,2024-06-19,US,TA,103,20.57,19.0,-123,1558,1435
433,24401155,23201826,SBEA,T,2024-06-19,US,TA,111,20.57,19.0,-133,1679,1546
434,24401155,23201826,SBEA,T,2024-06-19,US,TA,115,20.57,19.0,-138,1740,1602
435,24401155,23201826,SBEA,T,2024-06-19,US,TA,115,20.57,19.0,-138,1740,1602
436,24401155,23201826,SBEA,T,2024-06-19,US,TA,120,20.57,19.0,-144,1815,1672
437,24401155,23201826,SBEA,T,2024-06-19,US,TA,122,20.57,19.0,-146,1845,1699
438,24401155,23201826,SBEA,T,2024-06-19,US,TA,54,20.57,19.0,-65,817,752
439,24401155,23201826,SBEA,T,2024-06-19,US,TA,71,20.57,19.0,-85,1074,989
440,24401155,23201826,SBEA,T,2024-06-19,US,TA,115,20.57,19.0,-138,1740,1602
441,24401155,23201826,SBEA,T,2024-06-19,US,TA,111,20.57,19.0,-133,1679,1546
442,24401155,23201826,SBEA,T,2024-06-19,US,TA,110,20.57,19.0,-132,1664,1532
443,24401155,23201826,SBEA,T,2024-06-19,US,TA,67,20.57,19.0,-80,1013,933
444,24401156,24200237,SBEA,T,2024-06-19,US,TA,10,2.16,5.55,25,16,41
445,24401156,24200237,SBEA,T,2024-06-19,US,TA,30,2.16,5.55,75,48,122
446,24401156,24200237,SBEA,T,2024-06-19,US,TA,860,2.16,5.55,2136,1364,3500
447,24401156,24200237,SBEA,T,2024-06-19,US,TA,900,2.16,5.55,2236,1427,3663
448,24401157,24200933,JAKI,T,2024-06-19,CA,NW,48,10.9,65.2,2745,385,3130
449,24401158,24200934,SGOY,T,2024-06-19,CA,PO,10,5.89,47.82,435,43,478
450,24401158,24200934,SGOY,T,2024-06-19,CA,PO,10,4.93,42.72,391,36,427
451,24401158,24200934,SGOY,T,2024-06-19,CA,PO,10,4.7,42.72,393,35,427
452,24401159,24200936,SGOY,T,2024-06-19,CA,PO,6,7.58,51.46,275,33,309
453,24401160,24200937,SGOY,T,2024-06-19,CA,PO,6,7.56,61.6,336,33,370
454,24401161,24200939,MRHO,T,2024-06-19,CA,PP,10,13.38,98.9,891,98,989
455,24401162,24200940,SGOY,T,2024-06-19,CA,PO,4,8.32,70.72,258,24,283
456,24401162,24200940,SGOY,T,2024-06-19,CA,PO,12,19.57,154.8,1685,173,1858
457,317045,23250899,MRHO,D,2024-06-19,US,PO,12,86.0,140.39,476,759,1235
458,317045,23250899,MRHO,D,2024-06-19,US,PO,12,87.46,133.51,403,772,1174
459,317046,24250380,WMOR,D,2024-06-19,CA,TE,250,3.86,0.0,-710,710,0
460,317050,24250449,AMIN,D,2024-06-19,CA,TR,25,204.48,355.1,5119,3759,8878
461,317053,23250139,SBEA,D,2024-06-19,UK,TA,116,43.9,74.69,2607,3744,6351
462,317071,23250631,SBEA,D,2024-06-19,UK,TA,34,43.9,74.69,764,1097,1862
463,317073,23250714,SBEA,D,2024-06-19,UK,TA,50,58.39,115.78,2097,2147,4244
464,24002159,24101145,SGOY,B,2024-06-18,CA,TR,200,7.67,17.54,1974,1534,3508
465,24002160,24101358,OGAL,B,2024-06-18,US,PO,1,0.0,980.0,980,0,980
466,24002160,24101358,OGAL,B,2024-06-18,US,PO,1,0.0,0.0,0,0,0
467,24002161,24101485,OGAL,B,2024-06-18,US,TR,60,7.23,12.25,301,434,735
468,24002161,24101485,OGAL,B,2024-06-18,US,TR,1,0.0,0.0,40,0,40
469,24002162,24101507,DGAS,B,2024-06-18,US,TR,48,6.41,8.26,89,308,396
470,24002162,24101507,DGAS,B,2024-06-18,US,TR,1,0.0,0.0,30,0,30
471,24002163,24100165,SBEA,B,2024-06-18,US,TA,110,20.73,95.4,8214,2280,10494
472,24002164,24100803,GXAV,B,2024-06-18,US,TE,100,13.55,31.7,1815,1355,3170
473,24002164,24100803,GXAV,B,2024-06-18,US,TE,1,0.0,0.0,0,0,0
474,24002165,24100809,GXAV,B,2024-06-18,US,TR,80,9.38,20.65,902,750,1652
475,24002165,24100809,GXAV,B,2024-06-18,US,TR,1,0.0,0.0,0,0,0
476,24002166,24100859,DGAS,B,2024-06-18,US,PP,60,10.87,12.51,99,652,751
477,24002166,24100859,DGAS,B,2024-06-18,US,PP,1,0.0,0.0,33,0,33
478,24002167,24101300,MRHO,B,2024-06-18,US,PS,150,1.46,20.48,2853,219,3072
479,24002167,24101300,MRHO,B,2024-06-18,US,PS,1,0.0,0.0,0,0,0
480,24002168,24101364,MRHO,B,2024-06-18,US,PC,32,11.04,31.05,640,353,994
481,24002168,24101364,MRHO,B,2024-06-18,US,PC,1,0.0,0.0,0,0,0
482,24002169,24101389,FBER,B,2024-06-18,US,PV,100,11.18,25.57,1439,1118,2557
483,24002169,24101389,FBER,B,2024-06-18,US,PV,1,0.0,0.0,0,0,0
484,24002170,24101402,DGAS,B,2024-06-18,US,PP,36,18.67,32.23,488,672,1160
485,24002170,24101402,DGAS,B,2024-06-18,US,PP,1,0.0,0.0,0,0,0
486,24002171,24101407,MWIS,B,2024-06-18,US,OL,2,296.0,1141.0,1690,592,2282
487,24002171,24101407,MWIS,B,2024-06-18,US,OL,1,0.0,0.0,52,0,52
488,24002172,24101408,OGAL,B,2024-06-18,US,OL,10,296.0,1074.0,7780,2960,10740
489,24002172,24101408,OGAL,B,2024-06-18,US,OL,1,0.0,0.0,0,0,0
490,24002173,24101511,DGAS,B,2024-06-18,US,PO,30,8.25,26.21,539,247,786
491,24002173,24101511,DGAS,B,2024-06-18,US,PO,1,0.0,0.0,0,0,0
492,24002174,24101513,DGAS,B,2024-06-18,US,PP,53,14.89,35.56,1095,789,1885
493,24002174,24101513,DGAS,B,2024-06-18,US,PP,1,0.0,0.0,0,0,0
494,24002175,24101597,MWIS,B,2024-06-18,US,PO,1,530.2,1521.0,991,530,1521
495,24002175,24101597,MWIS,B,2024-06-18,US,PO,4,639.1,1473.0,3336,2556,5892
496,24002175,24101597,MWIS,B,2024-06-18,US,PO,1,0.0,40.54,41,0,41
497,24002176,24101611,SBEA,B,2024-06-18,US,TA,20,5.43,29.55,482,109,591
498,24002176,24101611,SBEA,B,2024-06-18,US,TA,1,0.0,0.0,0,0,0
499,24002177,24101665,BHOU,B,2024-06-18,CA,IC,10,28.12,68.24,401,281,682
500,24401153,24200976,THOU,T,2024-06-18,US,IC,50,0.53,0.67,5,19,25
501,24401154,24200925,SGOY,T,2024-06-18,CA,TO,32,14.11,97.66,2793,332,3125
502,24401154,24200925,SGOY,T,2024-06-18,CA,TO,4,12.13,103.05,377,36,412
503,24401154,24200925,SGOY,T,2024-06-18,CA,TO,32,24.79,125.25,3425,583,4008
504,24401154,24200925,SGOY,T,2024-06-18,CA,TO,6,18.83,187.06,1039,83,1122
505,317041,23250051,SBEA,D,2024-06-18,UK,TA,1,0.0,1364.2,1000,0,1000
506,317043,23250590,SBEA,D,2024-06-18,UK,TA,35,38.01,79.29,1056,978,2034
507,317057,23250051,SBEA,D,2024-06-18,UK,TA,32,38.01,79.29,965,894,1860
508,317057,23250051,SBEA,D,2024-06-18,UK,TA,3,38.01,79.29,91,84,174
509,317058,23250589,SBEA,D,2024-06-18,UK,TA,50,38.01,79.29,1509,1398,2906
510,317059,23250590,SBEA,D,2024-06-18,UK,TA,50,38.01,79.29,1509,1398,2906
511,24002140,24100343,FBER,B,2024-06-17,US,TR,1656,10.26,14.79,7508,16984,24492
512,24002140,24100343,FBER,B,2024-06-17,US,TR,1,0.0,0.0,0,0,0
513,24002141,24101091,GXAV,B,2024-06-17,US,TR,1,2120.73,3555.0,1434,2121,3555
514,24002142,24101440,KTIE,B,2024-06-17,US,NW,1,198.21,1239.55,1041,198,1240
515,24002142,24101440,KTIE,B,2024-06-17,US,NW,1,0.0,0.0,0,0,0
516,24002143,24101237,FBER,B,2024-06-17,US,TR,30,10.06,8.86,-36,302,266
517,24002143,24101237,FBER,B,2024-06-17,US,TR,1,0.0,0.0,0,0,0
518,24002144,24101500,MRHO,B,2024-06-17,US,PR,10,7.45,39.2,318,75,392
519,24002144,24101500,MRHO,B,2024-06-17,US,PR,1,0.0,0.0,0,0,0
520,24002145,24101505,MWIS,B,2024-06-17,US,PS,35,4.39,18.01,477,154,630
521,24002145,24101505,MWIS,B,2024-06-17,US,PS,1,0.0,0.0,0,0,0
522,24002146,23103241,DGAS,B,2024-06-17,US,PV,525,4.24,12.78,4484,2226,6710
523,24002146,23103241,DGAS,B,2024-06-17,US,PV,1,0.0,0.0,0,0,0
524,24002147,24100062,BHOU,B,2024-06-17,US,TC,6075,1.97,1.74,-1420,11990,10571
525,24002148,24100204,MWIS,B,2024-06-17,US,PS,250,1.05,11.23,2545,262,2808
526,24002148,24100204,MWIS,B,2024-06-17,US,PS,1,0.0,16.63,17,0,17
527,24002149,24100350,GXAV,B,2024-06-17,US,TE,900,18.81,23.44,4170,16926,21096
528,24002150,24101196,FBER,B,2024-06-17,US,TR,24,10.06,9.5,-13,241,228
529,24002150,24101196,FBER,B,2024-06-17,US,TR,60,10.87,14.66,228,652,880
530,24002150,24101196,FBER,B,2024-06-17,US,TR,1,0.0,0.0,0,0,0
531,24002151,24101255,DGAS,B,2024-06-17,US,TE,90,4.82,8.9,367,434,801
532,24002151,24101255,DGAS,B,2024-06-17,US,TE,1,0.0,0.0,0,0,0
533,24002152,24101309,MWIS,B,2024-06-17,US,PV,50,4.66,8.92,213,233,446
534,24002152,24101309,MWIS,B,2024-06-17,US,PV,24,1.69,9.0,175,41,216
535,24002152,24101309,MWIS,B,2024-06-17,US,PV,1,0.0,0.0,0,0,0
536,24002153,24101401,DGAS,B,2024-06-17,US,NM,1,0.0,866.0,866,0,866
537,24002153,24101401,DGAS,B,2024-06-17,US,NM,1,0.0,0.0,33,0,33
538,24002154,24101419,MRHO,B,2024-06-17,US,PO,1,0.0,962.0,962,0,962
539,24002154,24101419,MRHO,B,2024-06-17,US,PO,1,0.0,0.0,0,0,0
540,24002155,24101528,MWIS,B,2024-06-17,US,OL,30,1.52,5.61,123,46,168
541,24002155,24101528,MWIS,B,2024-06-17,US,OL,1,0.0,0.0,23,0,23
542,24002156,24101593,BHOU,B,2024-06-17,CA,IC,11,16.66,23.98,81,183,264
543,24002156,24101593,BHOU,B,2024-06-17,CA,IC,40,46.48,64.24,710,1859,2570
544,24002156,24101593,BHOU,B,2024-06-17,CA,IC,20,62.87,85.03,443,1257,1701
545,24002156,24101593,BHOU,B,2024-06-17,CA,IC,3000,0.13,0.19,179,391,570
546,24002156,24101593,BHOU,B,2024-06-17,CA,IC,38,4.68,6.45,68,180,248
547,24002157,24101633,KTIE,B,2024-06-17,US,NW,10,279.26,479.0,1997,2793,4790
548,24002158,24101634,KTIE,B,2024-06-17,US,NW,20,300.92,420.0,2382,6018,8400
549,24401147,24200435,SBEA,T,2024-06-17,US,TA,100,51.22,101.17,3650,3766,7416
550,24401147,24200435,SBEA,T,2024-06-17,US,TA,100,51.22,101.17,3650,3766,7416
551,24401147,24200435,SBEA,T,2024-06-17,US,TA,100,51.22,101.17,3650,3766,7416
552,24401147,24200435,SBEA,T,2024-06-17,US,TA,100,51.22,101.17,3650,3766,7416
553,24401147,24200435,SBEA,T,2024-06-17,US,TA,100,51.22,101.17,3650,3766,7416
554,24401148,24200539,SBEA,T,2024-06-17,US,TA,89,4.61,51.44,3054,302,3356
555,24401148,24200539,SBEA,T,2024-06-17,US,TA,11,4.61,51.44,377,37,415
556,24401149,24200866,THOU,T,2024-06-17,US,IC,32,27.36,5.55,-513,644,130
557,24401150,24200696,SGOY,T,2024-06-17,CA,PM,32,18.96,90.95,2464,446,2910
558,24401151,24200810,AMIN,T,2024-06-17,CA,PV,120,5.12,11.31,905,452,1357
559,24401152,24200890,SGOY,T,2024-06-17,CA,PO,1,136.98,250.41,150,101,250
560,317041,23250051,SBEA,D,2024-06-17,UK,TA,120,38.01,79.29,3620,3354,6974
561,317044,24250187,KTIE,D,2024-06-17,CA,NW,1,13850.43,25262.26,8334,10184,18518
562,317045,23250899,MRHO,D,2024-06-17,US,PO,12,87.2,141.94,479,769,1249
563,24002122,24100343,FBER,B,2024-06-14,US,TR,864,10.26,14.79,3917,8861,12779
564,24002122,24100343,FBER,B,2024-06-14,US,TR,1,0.0,0.0,0,0,0
565,24002123,24101615,BHOU,B,2024-06-14,US,IC,1,8.5,0.0,-9,9,0
566,24002123,24101615,BHOU,B,2024-06-14,US,IC,4,12.1,0.0,-48,48,0
567,24002123,24101615,BHOU,B,2024-06-14,US,IC,4,8.79,0.0,-35,35,0
568,24002123,24101615,BHOU,B,2024-06-14,US,IC,1,0.0,0.0,0,0,0
569,24002124,23103183,MRHO,B,2024-06-14,US,PO,100,7.75,7.92,17,775,792
570,24002124,23103183,MRHO,B,2024-06-14,US,PO,1,0.0,0.0,0,0,0
571,24002125,23103239,DGAS,B,2024-06-14,US,PV,300,1.47,5.12,1094,442,1536
572,24002125,23103239,DGAS,B,2024-06-14,US,PV,1,0.0,0.0,0,0,0
573,24002126,23103404,MRHO,B,2024-06-14,US,PO,80,13.31,13.74,34,1065,1099
574,24002126,23103404,MRHO,B,2024-06-14,US,PO,1,0.0,0.0,0,0,0
575,24002127,24100016,MWIS,B,2024-06-14,US,PO,200,13.38,25.16,2357,2675,5032
576,24002128,24100148,DGAS,B,2024-06-14,US,PV,75,3.96,5.88,144,297,441
577,24002128,24100148,DGAS,B,2024-06-14,US,PV,1,0.0,0.0,0,0,0
578,24002129,24100181,DGAS,B,2024-06-14,US,PV,25,5.22,9.08,97,130,227
579,24002129,24100181,DGAS,B,2024-06-14,US,PV,1,0.0,0.0,0,0,0
580,24002130,24100485,MWIS,B,2024-06-14,US,PO,232,10.03,17.08,1636,2326,3963
581,24002130,24100485,MWIS,B,2024-06-14,US,PO,1,0.0,0.0,0,0,0
582,24002131,24100707,MRHO,B,2024-06-14,US,PS,200,5.45,4.83,-123,1089,966
583,24002131,24100707,MRHO,B,2024-06-14,US,PS,1,0.0,0.0,0,0,0
584,24002132,24100725,MRHO,B,2024-06-14,US,PO,6,492.69,988.94,2977,2956,5934
585,24002132,24100725,MRHO,B,2024-06-14,US,PO,1,0.0,0.0,244,0,244
586,24002133,24100970,KTIE,B,2024-06-14,US,NW,200,13.45,35.43,4396,2690,7086
587,24002134,24100983,MWIS,B,2024-06-14,US,PO,12,81.65,120.77,469,980,1449
588,24002134,24100983,MWIS,B,2024-06-14,US,PO,1,0.0,16.63,17,0,17
589,24002134,24100983,MWIS,B,2024-06-14,US,PO,12,0.0,0.0,0,0,0
590,24002134,24100983,MWIS,B,2024-06-14,US,PO,12,0.0,0.0,0,0,0
591,24002134,24100983,MWIS,B,2024-06-14,US,PO,0,0.0,0.0,0,0,0
592,24002135,24101225,MWIS,B,2024-06-14,US,PO,4,19.45,54.11,139,78,216
593,24002135,24101225,MWIS,B,2024-06-14,US,PO,12,81.65,120.77,469,980,1449
594,24002135,24101225,MWIS,B,2024-06-14,US,PO,1,0.0,16.63,17,0,17
595,24002135,24101225,MWIS,B,2024-06-14,US,PO,12,0.0,0.0,0,0,0
596,24002135,24101225,MWIS,B,2024-06-14,US,PO,12,0.0,0.0,0,0,0
597,24002135,24101225,MWIS,B,2024-06-14,US,PO,0,0.0,0.0,0,0,0
598,24002136,24101326,MRHO,B,2024-06-14,US,PS,50,6.08,8.11,102,304,406
599,24002136,24101326,MRHO,B,2024-06-14,US,PS,1,0.0,0.0,0,0,0
600,24002137,24101450,DGAS,B,2024-06-14,US,PP,10,6.96,15.0,80,70,150
601,24002137,24101450,DGAS,B,2024-06-14,US,PP,1,0.0,0.0,0,0,0
602,24002138,24101626,BHOU,B,2024-06-14,CA,IC,2,49.92,68.64,54,144,197
603,24002139,24101641,BHOU,B,2024-06-14,CA,IC,25,119.91,149.89,750,2998,3747
604,24401136,23201391,SBEA,T,2024-06-14,US,TA,20,34.77,106.72,1053,511,1565
605,24401136,23201391,SBEA,T,2024-06-14,US,TA,100,34.77,106.72,5266,2557,7823
606,24401136,23201391,SBEA,T,2024-06-14,US,TA,100,34.77,106.72,5266,2557,7823
607,24401136,23201391,SBEA,T,2024-06-14,US,TA,50,34.77,106.72,2633,1278,3912
608,24401137,23201687,SBEA,T,2024-06-14,US,TA,50,0.85,7.61,248,31,279
609,24401137,23201687,SBEA,T,2024-06-14,US,TA,500,0.85,7.61,2479,311,2790
610,24401138,24200690,SBEA,T,2024-06-14,US,TA,41,0.76,17.46,502,23,525
611,24401138,24200690,SBEA,T,2024-06-14,US,TA,4,0.76,17.46,49,2,51
612,24401138,24200690,SBEA,T,2024-06-14,US,TA,5,0.76,17.46,61,3,64
613,24401139,24200606,AMIN,T,2024-06-14,CA,PM,50,16.34,59.66,2382,601,2983
614,24401140,24200675,AMIN,T,2024-06-14,CA,PO,16,36.84,129.14,1633,433,2066
615,24401141,24200688,SGOY,T,2024-06-14,CA,NH,30,12.75,82.44,2192,281,2473
616,24401142,24200802,AMIN,T,2024-06-14,CA,PM,36,16.78,88.02,2725,444,3169
617,24401143,24200825,AMIN,T,2024-06-14,CA,NM,4,63.91,320.31,1093,188,1281
618,24401143,24200825,AMIN,T,2024-06-14,CA,NM,6,29.55,196.77,1050,130,1181
619,24401143,24200825,AMIN,T,2024-06-14,CA,NM,6,48.03,310.36,1650,212,1862
620,24401144,24200826,AMIN,T,2024-06-14,CA,NM,4,63.91,320.31,1093,188,1281
621,24401144,24200826,AMIN,T,2024-06-14,CA,NM,6,29.55,196.77,1050,130,1181
622,24401145,24200827,AMIN,T,2024-06-14,CA,NM,4,63.91,320.31,1093,188,1281
623,24401145,24200827,AMIN,T,2024-06-14,CA,NM,6,29.55,196.77,1050,130,1181
624,24401146,24200868,JAKI,T,2024-06-14,CA,NH,87,16.11,57.04,3932,1031,4962
625,317037,24250289,DHOU,D,2024-06-14,CO,IC,3,185.33,693.45,1116,409,1525
626,317038,24250370,WMOR,D,2024-06-14,US,TE,1,353.52,470.65,85,260,345
627,317038,24250370,WMOR,D,2024-06-14,US,TE,1,353.52,470.65,85,260,345
628,317038,24250370,WMOR,D,2024-06-14,US,TE,1,353.52,470.65,85,260,345
629,317038,24250370,WMOR,D,2024-06-14,US,TE,1,353.52,470.65,85,260,345
630,317039,24250405,DHOU,D,2024-06-14,US,IC,50,13.89,58.95,1650,511,2161
631,24002103,23101342,DGAS,B,2024-06-13,US,NM,1500,15.25,20.35,7644,22881,30525
632,24002104,24100343,FBER,B,2024-06-13,US,TR,1224,10.26,14.79,5550,12553,18103
633,24002105,24101413,FBER,B,2024-06-13,US,TR,50,4.14,4.91,39,207,246
634,24002105,24101413,FBER,B,2024-06-13,US,TR,1,0.0,0.0,0,0,0
635,24002106,24100471,FBER,B,2024-06-13,US,PR,16,12.89,53.81,655,206,861
636,24002106,24100471,FBER,B,2024-06-13,US,PR,1,0.0,0.0,33,0,33
637,24002107,24100542,SGOY,B,2024-06-13,CA,TR,450,7.67,17.54,4441,3452,7893
638,24002108,24101414,MRHO,B,2024-06-13,US,PS,100,8.8,10.1,130,880,1010
639,24002108,24101414,MRHO,B,2024-06-13,US,PS,1,0.0,0.0,0,0,0
640,24002109,24101502,DGAS,B,2024-06-13,US,PO,24,27.59,81.88,1303,662,1965
641,24002109,24101502,DGAS,B,2024-06-13,US,PO,1,0.0,0.0,54,0,54
642,24002110,24100307,KTIE,B,2024-06-13,US,NW,2,8148.14,8805.0,1314,16296,17610
643,24002111,24100308,KTIE,B,2024-06-13,US,NW,2,8148.14,8805.0,1314,16296,17610
644,24002112,24100371,BHOU,B,2024-06-13,US,TC,2000,2.46,3.14,1369,4911,6280
645,24002113,24100402,SBEA,B,2024-06-13,US,TA,300,1.18,269.12,80383,353,80736
646,24002113,24100402,SBEA,B,2024-06-13,US,TA,1,100.0,1000.0,900,100,1000
647,24002113,24100402,SBEA,B,2024-06-13,US,TA,1,0.0,0.0,0,0,0
648,24002114,24100485,MWIS,B,2024-06-13,US,PO,200,10.16,16.02,1171,2033,3204
649,24002114,24100485,MWIS,B,2024-06-13,US,PO,1,0.0,0.0,0,0,0
650,24002115,24100504,FBER,B,2024-06-13,US,PS,1000,14.48,31.31,16829,14482,31310
651,24002115,24100504,FBER,B,2024-06-13,US,PS,1,0.0,0.0,478,0,478
652,24002116,24100540,BHOU,B,2024-06-13,US,TC,2000,3.72,3.19,-1063,7443,6380
653,24002116,24100540,BHOU,B,2024-06-13,US,TC,1,0.0,0.0,0,0,0
654,24002117,24100781,KTIE,B,2024-06-13,US,NW,1200,18.14,38.93,24944,21772,46716
655,24002118,24100856,MWIS,B,2024-06-13,US,OL,1,924.0,2482.0,1558,924,2482
656,24002118,24100856,MWIS,B,2024-06-13,US,OL,1,0.0,0.0,0,0,0
657,24002119,24101206,MRHO,B,2024-06-13,US,PI,34,23.48,41.6,616,798,1414
658,24002119,24101206,MRHO,B,2024-06-13,US,PI,1,0.0,0.0,0,0,0
659,24002120,24101349,MRHO,B,2024-06-13,US,PI,24,9.05,25.48,394,217,612
660,24002120,24101349,MRHO,B,2024-06-13,US,PI,1,0.0,0.0,0,0,0
661,24002121,24101472,MWIS,B,2024-06-13,US,OL,48,5.69,22.6,812,273,1085
662,24002121,24101472,MWIS,B,2024-06-13,US,OL,1,0.0,0.0,0,0,0
663,24401129,23201534,THOU,T,2024-06-13,US,IC,24,9.47,31.77,392,167,559
664,24401129,23201534,THOU,T,2024-06-13,US,IC,26,9.47,31.77,425,181,606
665,24401130,24200339,THOU,T,2024-06-13,US,IC,32,9.47,33.68,567,223,790
666,24401130,24200339,THOU,T,2024-06-13,US,IC,18,9.47,33.68,319,125,444
667,24401131,24200468,OGAL,T,2024-06-13,CA,PO,19,41.36,76.79,881,578,1459
668,24401132,24200834,KTIE,T,2024-06-13,CA,NW,20,51.53,139.38,2030,758,2788
669,24401133,24200885,AMIN,T,2024-06-13,CA,PM,8,20.32,94.1,633,120,753
670,24401134,24200902,OGAL,T,2024-06-13,CA,TE,75,22.19,76.1,4484,1224,5708
671,24401135,24200905,SGOY,T,2024-06-13,CA,PR,24,6.72,36.67,761,119,880
672,317026,24250299,WMOR,D,2024-06-13,US,TE,512,1.72,21.55,7442,647,8090
673,317027,24250387,SGOY,D,2024-06-13,CA,PP,10,37.81,124.56,968,278,1246
674,317028,24250392,JAKI,D,2024-06-13,CA,NW,2,74.06,192.3,276,109,385
675,317028,24250392,JAKI,D,2024-06-13,CA,NW,1,247.14,812.7,631,182,813
676,317029,24250435,MRHO,D,2024-06-13,US,PO,36,10.95,51.7,1075,290,1364
677,317030,24250436,MRHO,D,2024-06-13,US,PO,24,9.42,44.86,623,166,789
678,317031,24250437,MRHO,D,2024-06-13,US,PO,24,10.64,38.83,495,188,683
679,317033,23250728,WMOR,D,2024-06-13,CA,TE,18,357.01,776.92,9259,4725,13985
680,317033,23250728,WMOR,D,2024-06-13,CA,TE,119,357.01,776.92,61215,31239,92453
681,317034,23250729,WMOR,D,2024-06-13,CA,TE,100,357.01,776.92,51441,26251,77692
682,317035,23250877,WMOR,D,2024-06-13,CA,TE,165,394.45,1149.03,141734,47856,189590
683,317036,24250133,WMOR,D,2024-06-13,CA,TE,56,29.14,88.0,3728,1200,4928
684,24002084,24100343,FBER,B,2024-06-12,US,TR,504,10.26,14.79,2285,5169,7454
685,24002084,24100343,FBER,B,2024-06-12,US,TR,1,0.0,0.0,0,0,0
686,24002085,24100514,FBER,B,2024-06-12,US,NO,360,6.9,17.77,3915,2482,6397
687,24002086,24101112,DGAS,B,2024-06-12,US,PO,24,8.2,30.23,529,197,726
688,24002086,24101112,DGAS,B,2024-06-12,US,PO,1,0.0,0.0,31,0,31
689,24002087,24101483,FBER,B,2024-06-12,US,PO,8,2.94,30.42,220,24,243
690,24002087,24101483,FBER,B,2024-06-12,US,PO,1,0.0,0.0,99,0,99
691,24002088,24101578,MRHO,B,2024-06-12,US,PM,10,0.2,15.0,148,2,150
692,24002088,24101578,MRHO,B,2024-06-12,US,PM,1,0.0,0.0,24,0,24
693,24002089,24100263,BHOU,B,2024-06-12,PE,NM,300,5.35,8.65,990,1605,2595
694,24002090,24100413,MRHO,B,2024-06-12,US,TR,240,9.36,22.88,3245,2246,5491
695,24002091,24100529,DGAS,B,2024-06-12,US,PV,200,3.57,4.72,229,715,944
696,24002091,24100529,DGAS,B,2024-06-12,US,PV,1,0.0,0.0,0,0,0
697,24002092,24100961,DGAS,B,2024-06-12,US,PS,8000,1.61,2.51,7163,12917,20080
698,24002093,24101073,MRHO,B,2024-06-12,US,PI,24,11.24,28.21,407,270,677
699,24002093,24101073,MRHO,B,2024-06-12,US,PI,1,0.0,0.0,0,0,0
700,24002094,24101203,BHOU,B,2024-06-12,PE,NM,200,9.69,16.77,1416,1938,3354
701,24002094,24101203,BHOU,B,2024-06-12,PE,NM,250,7.67,15.48,1952,1918,3870
702,24002095,24101334,MWIS,B,2024-06-12,US,PI,200,2.83,4.4,314,566,880
703,24002095,24101334,MWIS,B,2024-06-12,US,PI,1,0.0,0.0,30,0,30
704,24002096,24101361,OGAL,B,2024-06-12,US,NH,80,3.98,15.5,922,318,1240
705,24002096,24101361,OGAL,B,2024-06-12,US,NH,1,0.0,0.0,42,0,42
706,24002097,24101373,GXAV,B,2024-06-12,US,TR,50,11.35,18.36,351,567,918
707,24002097,24101373,GXAV,B,2024-06-12,US,TR,1,0.0,0.0,0,0,0
708,24002098,24101382,MRHO,B,2024-06-12,US,TR,72,10.87,15.65,344,783,1127
709,24002098,24101382,MRHO,B,2024-06-12,US,TR,1,0.0,0.0,0,0,0
710,24002099,24101467,MWIS,B,2024-06-12,US,OL,200,5.57,11.23,1132,1114,2246
711,24002099,24101467,MWIS,B,2024-06-12,US,OL,1,0.0,0.0,109,0,109
712,24002100,24101478,MRHO,B,2024-06-12,US,PI,36,17.34,41.6,873,624,1498
713,24002100,24101478,MRHO,B,2024-06-12,US,PI,1,0.0,0.0,0,0,0
714,24002101,24101486,DGAS,B,2024-06-12,US,PP,36,14.89,35.56,744,536,1280
715,24002101,24101486,DGAS,B,2024-06-12,US,PP,1,0.0,0.0,0,0,0
716,24002102,24101509,MWIS,B,2024-06-12,US,PO,10,14.46,38.58,241,145,386
717,24002102,24101509,MWIS,B,2024-06-12,US,PO,1,0.0,16.63,17,0,17
718,24401116,23201393,SBEA,T,2024-06-12,US,TA,250,1.3,10.33,1653,240,1893
719,24401117,23201467,SBEA,T,2024-06-12,US,TA,50,21.64,45.82,597,1082,1680
720,24401118,24200221,SBEA,T,2024-06-12,US,TA,104,2.46,37.13,2643,188,2831
721,24401118,24200221,SBEA,T,2024-06-12,US,TA,46,2.46,37.13,1169,83,1252
722,24401119,24200227,SBEA,T,2024-06-12,US,TA,600,8.91,40.6,13927,3929,17856
723,24401120,24200865,THOU,T,2024-06-12,US,IC,545,1.26,4.23,1185,504,1690
724,24401121,24200878,GXAV,T,2024-06-12,US,TE,100,40.94,83.49,3110,3010,6120
725,24401122,24200606,AMIN,T,2024-06-12,CA,PM,151,21.7,52.29,5486,2410,7896
726,24401123,24200851,AMIN,T,2024-06-12,CA,PM,4,16.78,106.45,376,49,426
727,24401124,24200861,JAKI,T,2024-06-12,CA,NW,8,21.75,76.86,487,128,615
728,24401125,24200871,AMIN,T,2024-06-12,CA,PO,8,14.33,33.46,183,84,268
729,24401126,24200876,AMIN,T,2024-06-12,CA,PM,20,13.69,77.76,1354,201,1555
730,24401127,24200881,AMIN,T,2024-06-12,CA,PM,50,14.16,35.94,1277,520,1797
731,24401128,24200911,AMIN,T,2024-06-12,CA,TO,11,16.11,115.15,1136,130,1267
732,317020,24250000,SGOY,D,2024-06-12,CA,TE,10,10.83,22.0,140,80,220
733,317021,24250292,WMOR,D,2024-06-12,CA,TE,60,13.83,47.75,2255,610,2865
734,317022,24250300,WMOR,D,2024-06-12,US,TE,512,1.56,12.17,3980,587,4567
735,317022,24250300,WMOR,D,2024-06-12,US,TE,47,29.7,159.41,4465,1027,5492
736,317023,24250311,SGOY,D,2024-06-12,CA,PM,2,107.76,949.45,1740,158,1899
737,317023,24250311,SGOY,D,2024-06-12,CA,PM,2,826.04,1868.0,2521,1215,3736
738,317024,24250424,WMOR,D,2024-06-12,CA,TE,100,0.59,2.17,173,44,217
739,317024,24250424,WMOR,D,2024-06-12,CA,TE,100,3.91,13.58,1070,288,1358
740,317024,24250424,WMOR,D,2024-06-12,CA,TE,100,0.85,3.48,286,62,348
741,317024,24250424,WMOR,D,2024-06-12,CA,TE,100,0.04,2.71,268,3,271
742,317024,24250424,WMOR,D,2024-06-12,CA,TE,50,2.94,9.23,353,108,462
743,317024,24250424,WMOR,D,2024-06-12,CA,TE,50,0.24,2.39,111,9,120
744,317024,24250424,WMOR,D,2024-06-12,CA,TE,50,0.48,1.51,58,18,76
745,317024,24250424,WMOR,D,2024-06-12,CA,TE,25,3.67,11.53,221,67,288
746,317024,24250424,WMOR,D,2024-06-12,CA,TE,50,3.93,12.35,473,144,618
747,317024,24250424,WMOR,D,2024-06-12,CA,TE,50,1.63,4.89,185,60,245
748,317024,24250424,WMOR,D,2024-06-12,CA,TE,50,0.22,1.98,91,8,99
749,317024,24250424,WMOR,D,2024-06-12,CA,TE,25,13.71,43.06,824,252,1077
750,317032,24250445,WMOR,D,2024-06-12,CA,TE,20,79.62,173.32,1370,1171,2541
751,24002074,24100343,FBER,B,2024-06-11,US,TR,936,10.26,14.79,4244,9600,13843
752,24002074,24100343,FBER,B,2024-06-11,US,TR,1,0.0,0.0,0,0,0
753,24002075,24101119,KTIE,B,2024-06-11,US,NW,72,36.72,0.0,-2644,2644,0
754,24002075,24101119,KTIE,B,2024-06-11,US,NW,1,0.0,0.0,0,0,0
755,24002076,24100853,DGAS,B,2024-06-11,US,PS,1500,1.46,2.88,2131,2189,4320
756,24002076,24100853,DGAS,B,2024-06-11,US,PS,1,0.0,0.0,0,0,0
757,24002077,24101069,MRHO,B,2024-06-11,US,PI,31,61.13,99.08,1176,1895,3071
758,24002077,24101069,MRHO,B,2024-06-11,US,PI,1,0.0,0.0,0,0,0
759,24002078,24101111,MRHO,B,2024-06-11,US,PI,43,34.3,60.72,1136,1475,2611
760,24002078,24101111,MRHO,B,2024-06-11,US,PI,1,0.0,0.0,0,0,0
761,24002079,24101120,KTIE,B,2024-06-11,US,NW,116,36.72,0.0,-4260,4260,0
762,24002079,24101120,KTIE,B,2024-06-11,US,NW,1,0.0,0.0,0,0,0
763,24002080,24101121,KTIE,B,2024-06-11,US,NW,44,36.72,0.0,-1616,1616,0
764,24002080,24101121,KTIE,B,2024-06-11,US,NW,1,0.0,0.0,0,0,0
765,24002081,24101122,KTIE,B,2024-06-11,US,NW,73,36.72,0.0,-2681,2681,0
766,24002081,24101122,KTIE,B,2024-06-11,US,NW,1,0.0,0.0,0,0,0
767,24002082,24101268,MRHO,B,2024-06-11,US,PI,24,6.11,29.21,554,147,701
768,24002082,24101268,MRHO,B,2024-06-11,US,PI,1,0.0,0.0,0,0,0
769,24002083,24101558,BHOU,B,2024-06-11,CA,IC,12,0.98,22.73,261,12,273
770,24002083,24101558,BHOU,B,2024-06-11,CA,IC,10,0.98,22.73,217,10,227
771,24401103,23201638,SBEA,T,2024-06-11,US,TA,50,14.25,160.73,5367,524,5891
772,24401104,24200484,SBEA,T,2024-06-11,US,TA,200,15.15,41.21,3814,2228,6042
773,24401104,24200484,SBEA,T,2024-06-11,US,TA,200,15.15,41.21,3814,2228,6042
774,24401104,24200484,SBEA,T,2024-06-11,US,TA,200,15.15,41.21,3814,2228,6042
775,24401104,24200484,SBEA,T,2024-06-11,US,TA,200,15.15,41.21,3814,2228,6042
776,24401104,24200484,SBEA,T,2024-06-11,US,TA,200,15.15,41.21,3814,2228,6042
777,24401105,24200769,SBEA,T,2024-06-11,US,TA,100,18.9,36.78,1306,1390,2696
778,24401106,24200581,SGOY,T,2024-06-11,CA,PM,36,28.5,79.69,2114,754,2869
779,24401107,24200651,AMIN,T,2024-06-11,CA,PP,240,9.18,45.35,9264,1620,10884
780,24401108,24200658,AMIN,T,2024-06-11,CA,PM,4,14.83,121.89,444,44,488
781,24401109,24200863,OGAL,T,2024-06-11,CA,NO,13,14.28,82.99,942,136,1079
782,24401110,24200874,AMIN,T,2024-06-11,CA,PM,1,18.19,150.0,137,13,150
783,24401110,24200874,AMIN,T,2024-06-11,CA,PM,8,16.78,100.0,701,99,800
784,24401111,24200883,AMIN,T,2024-06-11,CA,PO,12,12.5,44.52,424,110,534
785,24401112,24200891,AMIN,T,2024-06-11,CA,PO,4,7.58,50.01,178,22,200
786,24401113,24200901,OGAL,T,2024-06-11,US,PO,8,4.72,25.58,122,28,150
787,24401114,24200909,SGOY,T,2024-06-11,CA,PO,8,4.72,21.24,142,28,170
788,24401115,24200912,AMIN,T,2024-06-11,CA,OL,10,6.86,36.75,317,50,368
789,317015,24250285,SGOY,D,2024-06-11,CA,PS,5,90.9,212.45,728,334,1062
790,317017,24250396,AMIN,D,2024-06-11,CA,NM,3,56.4,142.36,303,124,427
791,317018,24250397,AMIN,D,2024-06-11,CA,NM,3,56.4,142.36,303,124,427
792,317019,24250398,AMIN,D,2024-06-11,CA,NM,3,56.4,142.36,303,124,427
793,317025,21251177,WMOR,D,2024-06-11,CA,TE,16,5005.91,6140.26,13123,58893,72016
794,24002049,24100343,FBER,B,2024-06-10,US,TR,720,10.26,14.79,3265,7384,10649
795,24002049,24100343,FBER,B,2024-06-10,US,TR,1,0.0,0.0,0,0,0
796,24002050,24100499,SBEA,B,2024-06-10,US,TA,26,4.86,113.6,2827,126,2954
797,24002050,24100499,SBEA,B,2024-06-10,US,TA,1,0.0,0.0,0,0,0
798,24002051,24101231,SGOY,B,2024-06-10,CA,TR,100,6.03,10.76,473,603,1076
799,24002052,24101548,BHOU,B,2024-06-10,SP,IC,6,110.32,190.0,478,662,1140
800,24002053,23103085,DGAS,B,2024-06-10,US,PS,293,1.35,2.78,418,397,815
801,24002053,23103085,DGAS,B,2024-06-10,US,PS,1,0.0,0.0,0,0,0
802,24002054,23103178,MRHO,B,2024-06-10,US,PO,5,100.53,184.0,417,503,920
803,24002054,23103178,MRHO,B,2024-06-10,US,PO,91,100.53,184.0,7596,9148,16744
804,24002055,23103497,DGAS,B,2024-06-10,US,PV,4000,0.82,2.47,6602,3278,9880
805,24002055,23103497,DGAS,B,2024-06-10,US,PV,1,0.0,0.0,0,0,0
806,24002056,24100315,BHOU,B,2024-06-10,US,TC,2000,2.46,3.14,1369,4911,6280
807,24002057,24100370,BHOU,B,2024-06-10,US,TC,1000,2.66,5.27,2614,2656,5270
808,24002058,24100399,FBER,B,2024-06-10,US,TR,48,6.71,18.41,562,322,884
809,24002058,24100399,FBER,B,2024-06-10,US,TR,24,8.14,15.13,168,195,363
810,24002058,24100399,FBER,B,2024-06-10,US,TR,1,0.0,0.0,0,0,0
811,24002059,24100557,SBEA,B,2024-06-10,US,TA,3000,1.92,4.96,9132,5748,14880
812,24002059,24100557,SBEA,B,2024-06-10,US,TA,2,0.0,750.0,1500,0,1500
813,24002059,24100557,SBEA,B,2024-06-10,US,TA,1,0.0,0.0,0,0,0
814,24002060,24100640,KTIE,B,2024-06-10,US,NW,10,573.11,1512.0,9389,5731,15120
815,24002060,24100640,KTIE,B,2024-06-10,US,NW,15,279.26,479.0,2996,4189,7185
816,24002061,24100899,KTIE,B,2024-06-10,US,NW,20,37.44,41.0,71,749,820
817,24002061,24100899,KTIE,B,2024-06-10,US,NW,156,17.66,45.0,4266,2754,7020
818,24002061,24100899,KTIE,B,2024-06-10,US,NW,1,0.0,0.0,136,0,136
819,24002062,24101048,DGAS,B,2024-06-10,US,PP,52,18.67,36.38,921,971,1892
820,24002062,24101048,DGAS,B,2024-06-10,US,PP,1,0.0,0.0,54,0,54
821,24002063,24101216,MRHO,B,2024-06-10,US,TR,24,8.81,22.06,318,211,529
822,24002063,24101216,MRHO,B,2024-06-10,US,TR,24,10.06,9.5,-13,241,228
823,24002063,24101216,MRHO,B,2024-06-10,US,TR,1,0.0,0.0,0,0,0
824,24002064,24101242,AMIN,B,2024-06-10,CA,TR,80,8.53,10.58,164,682,846
825,24002065,24101387,DGAS,B,2024-06-10,US,PP,55,18.67,36.38,974,1027,2001
826,24002065,24101387,DGAS,B,2024-06-10,US,PP,1,0.0,0.0,57,0,57
827,24002066,24101393,MRHO,B,2024-06-10,US,PI,24,13.18,34.06,501,316,817
828,24002066,24101393,MRHO,B,2024-06-10,US,PI,1,0.0,0.0,0,0,0
829,24002067,24101451,DGAS,B,2024-06-10,US,PP,16,15.47,28.29,205,247,453
830,24002067,24101451,DGAS,B,2024-06-10,US,PP,1,0.0,0.0,0,0,0
831,24002068,24101458,MRHO,B,2024-06-10,US,OL,50,6.06,18.29,611,303,915
832,24002068,24101458,MRHO,B,2024-06-10,US,OL,1,0.0,0.0,0,0,0
833,24002069,24101493,KTIE,B,2024-06-10,US,NW,20,17.66,45.0,547,353,900
834,24002069,24101493,KTIE,B,2024-06-10,US,NW,1,0.0,0.0,37,0,37
835,24002070,24101497,KTIE,B,2024-06-10,US,NW,20,17.66,48.25,612,353,965
836,24002070,24101497,KTIE,B,2024-06-10,US,NW,1,0.0,0.0,35,0,35
837,24002071,24101531,MWIS,B,2024-06-10,US,OL,2,530.2,1650.0,2240,1060,3300
838,24002071,24101531,MWIS,B,2024-06-10,US,OL,1,0.0,0.0,67,0,67
839,24002072,24101535,BHOU,B,2024-06-10,CA,IC,10,13.69,19.68,60,137,197
840,24002072,24101535,BHOU,B,2024-06-10,CA,IC,4,82.16,119.0,147,329,476
841,24002072,24101535,BHOU,B,2024-06-10,CA,IC,10,86.16,144.81,587,862,1448
842,24002072,24101535,BHOU,B,2024-06-10,CA,IC,30,113.71,103.77,-298,3411,3113
843,24002072,24101535,BHOU,B,2024-06-10,CA,IC,250,0.33,0.43,26,81,108
844,24002072,24101535,BHOU,B,2024-06-10,CA,IC,150,0.51,0.7,28,77,105
845,24002072,24101535,BHOU,B,2024-06-10,CA,IC,2500,0.13,0.19,149,326,475
846,24002072,24101535,BHOU,B,2024-06-10,CA,IC,33,8.73,12.05,109,288,398
847,24002073,24101573,BHOU,B,2024-06-10,CA,IC,60,10.5,14.49,239,630,869
848,24401096,23201916,SBEA,T,2024-06-10,US,TA,410,1.06,14.58,4064,319,4383
849,24401096,23201916,SBEA,T,2024-06-10,US,TA,10,1.06,14.58,99,8,107
850,24401097,24200691,SBEA,T,2024-06-10,US,TA,88,28.61,111.66,5351,1851,7203
851,24401097,24200691,SBEA,T,2024-06-10,US,TA,9,28.61,111.66,547,189,737
852,24401097,24200691,SBEA,T,2024-06-10,US,TA,100,28.61,111.66,6081,2104,8185
853,24401097,24200691,SBEA,T,2024-06-10,US,TA,60,31.34,143.51,4929,1383,6312
854,24401097,24200691,SBEA,T,2024-06-10,US,TA,100,31.34,143.51,8216,2304,10520
855,24401097,24200691,SBEA,T,2024-06-10,US,TA,100,31.34,143.51,8216,2304,10520
856,24401097,24200691,SBEA,T,2024-06-10,US,TA,95,26.84,111.66,5901,1875,7776
857,24401097,24200691,SBEA,T,2024-06-10,US,TA,5,26.84,111.66,311,99,409
858,24401097,24200691,SBEA,T,2024-06-10,US,TA,100,26.84,111.66,6211,1974,8185
859,24401097,24200691,SBEA,T,2024-06-10,US,TA,60,26.84,111.66,3727,1184,4911
860,24401097,24200691,SBEA,T,2024-06-10,US,TA,100,26.84,111.66,6211,1974,8185
861,24401098,24200651,AMIN,T,2024-06-10,CA,PP,100,16.34,90.7,7869,1201,9070
862,24401099,24200783,AMIN,T,2024-06-10,CA,PM,72,16.76,27.95,1125,888,2012
863,24401099,24200783,AMIN,T,2024-06-10,CA,PM,36,22.67,101.1,3040,600,3640
864,24401100,24200789,SGOY,T,2024-06-10,CA,PO,42,22.69,160.89,6057,701,6757
865,24401101,24200831,OGAL,T,2024-06-10,CA,PO,8,305.86,533.62,2470,1799,4269
866,24401102,24200845,SGOY,T,2024-06-10,CA,PS,1600,3.91,5.4,4042,4598,8640
867,317009,24250251,JAKI,D,2024-06-10,CA,NW,2,8033.17,12424.0,13035,11813,24848
868,317010,24250252,SGOY,D,2024-06-10,CA,PO,2,143.0,535.71,861,210,1071
869,317011,24250266,MRHO,D,2024-06-10,US,PO,4,395.74,1030.86,1859,1164,3023
870,317012,24250298,AMIN,D,2024-06-10,CA,OM,40,50.84,393.29,14236,1495,15732
871,317013,24250338,SGOY,D,2024-06-10,CA,PO,1,143.01,535.71,431,105,536
872,317014,24250403,MRHO,D,2024-06-10,US,PO,36,7.72,46.34,1019,204,1223
873,317016,24250376,JAKI,D,2024-06-10,CA,NW,2,74.06,192.3,276,109,385
874,317016,24250376,JAKI,D,2024-06-10,CA,NW,1,247.14,812.7,631,182,813
875,24002041,24100343,FBER,B,2024-06-07,US,TR,2880,10.26,14.79,13058,29537,42595
876,24002042,24100722,FBER,B,2024-06-07,US,TR,500,7.72,14.62,3452,3859,7310
877,24002042,24100722,FBER,B,2024-06-07,US,TR,1,0.0,0.0,0,0,0
878,24002043,24101133,BHOU,B,2024-06-07,SP,IC,100,19.73,73.9,5417,1973,7390
879,24002044,23103187,MRHO,B,2024-06-07,US,PO,100,10.77,14.68,391,1077,1468
880,24002044,23103187,MRHO,B,2024-06-07,US,PO,1,0.0,0.0,0,0,0
881,24002045,24100286,MRHO,B,2024-06-07,US,PS,250,1.95,10.0,2013,487,2500
882,24002045,24100286,MRHO,B,2024-06-07,US,PS,1,0.0,0.0,0,0,0
883,24002046,24100707,MRHO,B,2024-06-07,US,PS,100,3.62,7.08,346,362,708
884,24002046,24100707,MRHO,B,2024-06-07,US,PS,200,5.45,4.83,-123,1089,966
885,24002046,24100707,MRHO,B,2024-06-07,US,PS,1,0.0,0.0,0,0,0
886,24002047,24101087,MRHO,B,2024-06-07,US,TR,200,4.59,11.17,1316,918,2234
887,24002047,24101087,MRHO,B,2024-06-07,US,TR,1,0.0,0.0,0,0,0
888,24002048,24101284,MRHO,B,2024-06-07,US,PS,10,9.05,17.9,89,90,179
889,24002048,24101284,MRHO,B,2024-06-07,US,PS,1,0.0,0.0,0,0,0
890,24401085,24200295,THOU,T,2024-06-07,US,IC,900,24.8,5.55,-12748,16411,3663
891,24401086,24200378,THOU,T,2024-06-07,US,IC,356,0.56,0.76,52,147,199
892,24401086,24200378,THOU,T,2024-06-07,US,IC,419,0.56,0.76,62,173,235
893,24401086,24200378,THOU,T,2024-06-07,US,IC,405,0.56,0.76,59,167,227
894,24401086,24200378,THOU,T,2024-06-07,US,IC,410,0.56,0.76,60,169,230
895,24401086,24200378,THOU,T,2024-06-07,US,IC,410,0.56,0.76,60,169,230
896,24401087,24200435,SBEA,T,2024-06-07,US,TA,100,51.22,101.17,3650,3766,7416
897,24401087,24200435,SBEA,T,2024-06-07,US,TA,100,51.22,101.17,3650,3766,7416
898,24401087,24200435,SBEA,T,2024-06-07,US,TA,100,51.22,101.17,3650,3766,7416
899,24401087,24200435,SBEA,T,2024-06-07,US,TA,100,51.22,101.17,3650,3766,7416
900,24401087,24200435,SBEA,T,2024-06-07,US,TA,100,51.22,101.17,3650,3766,7416
901,24401088,24200442,SBEA,T,2024-06-07,US,TA,92,1.48,19.03,1183,100,1283
902,24401088,24200442,SBEA,T,2024-06-07,US,TA,8,1.48,19.03,103,9,112
903,24401089,24200566,SBEA,T,2024-06-07,US,TA,195,4.21,24.45,2890,604,3494
904,24401089,24200566,SBEA,T,2024-06-07,US,TA,5,4.21,24.45,74,15,90
905,24401090,24200640,THOU,T,2024-06-07,SK,IC,90,42.44,65.97,1544,2808,4352
906,24401090,24200640,THOU,T,2024-06-07,SK,IC,110,42.44,65.97,1887,3432,5320
907,24401091,24200492,AMIN,T,2024-06-07,CA,PO,240,2.84,13.18,2663,501,3163
908,24401092,24200848,AMIN,T,2024-06-07,CA,NM,48,18.88,89.71,3640,666,4306
909,24401093,24200851,AMIN,T,2024-06-07,CA,PM,4,17.6,105.41,370,52,422
910,24401094,24200857,AMIN,T,2024-06-07,CA,PM,8,10.88,117.17,873,64,937
911,24401095,24200864,AMIN,T,2024-06-07,CA,PS,30,3.8,17.23,433,84,517
912,24401095,24200864,AMIN,T,2024-06-07,CA,PS,30,5.12,19.32,467,113,580
913,317004,24250198,WMOR,D,2024-06-07,CA,TR,16,19.95,75.78,978,235,1212
914,317005,24250208,SGOY,D,2024-06-07,CA,TE,540,5.08,18.17,7793,2019,9812
915,317006,24250279,DHOU,D,2024-06-07,US,IC,50,13.89,58.95,1650,511,2161
916,317007,24250386,SGOY,D,2024-06-07,CA,NH,100,51.06,92.48,5494,3754,9248
917,317008,24250432,OGAL,D,2024-06-07,CA,PO,50,1.79,9.36,402,66,468
918,24002028,24100348,GXAV,B,2024-06-06,US,TR,800,9.36,15.72,5088,7488,12576
919,24002028,24100348,GXAV,B,2024-06-06,US,TR,1,0.0,0.0,0,0,0
920,24002029,24100705,KTIE,B,2024-06-06,US,NW,400,17.66,39.0,8538,7062,15600
921,24002029,24100705,KTIE,B,2024-06-06,US,NW,100,37.44,37.0,-44,3744,3700
922,24002029,24100705,KTIE,B,2024-06-06,US,NW,15,22.12,44.0,328,332,660
923,24002029,24100705,KTIE,B,2024-06-06,US,NW,50,19.69,49.0,1466,985,2450
924,24002029,24100705,KTIE,B,2024-06-06,US,NW,1,0.0,0.0,717,0,717
925,24002030,24100865,GXAV,B,2024-06-06,US,TE,100,10.25,11.88,163,1025,1188
926,24002030,24100865,GXAV,B,2024-06-06,US,TE,100,10.25,11.88,163,1025,1188
927,24002030,24100865,GXAV,B,2024-06-06,US,TE,1,0.0,0.0,0,0,0
928,24002031,24101276,SBEA,B,2024-06-06,US,TA,1,0.0,1250.0,1250,0,1250
929,24002032,24101423,FBER,B,2024-06-06,US,TR,24,10.06,8.86,-29,241,213
930,24002032,24101423,FBER,B,2024-06-06,US,TR,1,0.0,0.0,0,0,0
931,24002033,24101426,GXAV,B,2024-06-06,US,TE,24,4.14,9.0,117,99,216
932,24002033,24101426,GXAV,B,2024-06-06,US,TE,1,0.0,0.0,0,0,0
933,24002034,24101431,DGAS,B,2024-06-06,US,TR,48,6.41,8.26,89,308,396
934,24002034,24101431,DGAS,B,2024-06-06,US,TR,1,0.0,0.0,30,0,30
935,24002035,24100490,MWIS,B,2024-06-06,US,PV,100,2.66,8.52,586,266,852
936,24002035,24100490,MWIS,B,2024-06-06,US,PV,1,0.0,0.0,0,0,0
937,24002036,24100562,MRHO,B,2024-06-06,US,PS,16,12.63,18.11,88,202,290
938,24002036,24100562,MRHO,B,2024-06-06,US,PS,1,0.0,0.0,0,0,0
939,24002037,24100918,MRHO,B,2024-06-06,US,PS,100,16.76,22.49,573,1676,2249
940,24002037,24100918,MRHO,B,2024-06-06,US,PS,1,0.0,0.0,0,0,0
941,24002038,24101063,MWIS,B,2024-06-06,US,PP,70,14.84,63.51,3407,1039,4446
942,24002038,24101063,MWIS,B,2024-06-06,US,PP,1,0.0,0.0,0,0,0
943,24002039,24101188,MRHO,B,2024-06-06,US,PS,100,7.01,8.24,123,701,824
944,24002039,24101188,MRHO,B,2024-06-06,US,PS,1,0.0,0.0,0,0,0
945,24002040,24101484,DGAS,B,2024-06-06,US,PO,6,2.93,34.15,187,18,205
946,24002040,24101484,DGAS,B,2024-06-06,US,PO,1,0.0,0.0,0,0,0
947,24401078,24200617,AMIN,T,2024-06-06,CA,PM,10,11.29,57.2,489,83,572
948,24401079,24200630,AMIN,T,2024-06-06,CA,NM,50,29.55,196.77,8752,1087,9839
949,24401080,24200741,AMIN,T,2024-06-06,CA,PI,40,25.14,51.0,1301,739,2040
950,24401081,24200807,AMIN,T,2024-06-06,CA,PO,8,14.33,33.46,183,84,268
951,24401082,24200817,SGOY,T,2024-06-06,CA,PS,800,3.91,5.4,2021,2299,4320
952,24401083,24200854,AMIN,T,2024-06-06,CA,PC,60,23.13,87.77,4246,1020,5266
953,24401084,24200908,OGAL,T,2024-06-06,CA,PO,100,0.3,1.09,87,22,109
954,24401084,24200908,OGAL,T,2024-06-06,CA,PO,100,0.49,1.09,73,36,109
955,24401084,24200908,OGAL,T,2024-06-06,CA,PO,100,0.63,1.61,115,46,161
956,24401084,24200908,OGAL,T,2024-06-06,CA,PO,100,0.43,1.07,75,32,107
957,24401084,24200908,OGAL,T,2024-06-06,CA,PO,100,0.31,0.81,58,23,81
958,24401084,24200908,OGAL,T,2024-06-06,CA,PO,100,0.0,0.6,60,0,60
959,317001,23250835,MRHO,D,2024-06-06,US,PO,40,22.63,54.94,945,665,1611
960,317002,24250199,WMOR,D,2024-06-06,US,TE,20,105.54,496.77,5731,1552,7283
961,317003,24250372,DHOU,D,2024-06-06,AU,IC,400,10.14,22.02,3475,2981,6456
962,24002018,24100069,FBER,B,2024-06-05,US,TR,816,10.26,14.79,3700,8369,12069
963,24002018,24100069,FBER,B,2024-06-05,US,TR,1,0.0,0.0,0,0,0
964,24002019,24101530,FBER,B,2024-06-05,US,NO,1,140.74,250.02,109,141,250
965,24002019,24101530,FBER,B,2024-06-05,US,NO,1,0.0,0.0,0,0,0
966,24002020,24100360,MRHO,B,2024-06-05,US,TR,120,6.71,18.41,1404,805,2209
967,24002021,24100407,KTIE,B,2024-06-05,US,NW,1200,25.02,42.82,21359,30025,51384
968,24002022,24100761,KTIE,B,2024-06-05,US,NW,1200,30.15,82.38,62681,36175,98856
969,24002023,24100838,SBEA,B,2024-06-05,US,TA,35,0.54,5.84,185,19,204
970,24002023,24100838,SBEA,B,2024-06-05,US,TA,1,0.0,0.0,0,0,0
971,24002024,24101442,MRHO,B,2024-06-05,US,PI,24,17.82,39.91,530,428,958
972,24002024,24101442,MRHO,B,2024-06-05,US,PI,1,0.0,0.0,0,0,0
973,24002025,24101443,MRHO,B,2024-06-05,US,PI,25,9.55,23.98,361,239,600
974,24002025,24101443,MRHO,B,2024-06-05,US,PI,1,0.0,0.0,0,0,0
975,24002026,24101468,DGAS,B,2024-06-05,US,PP,24,8.03,26.47,443,193,635
976,24002026,24101468,DGAS,B,2024-06-05,US,PP,12,7.52,26.29,225,90,315
977,24002026,24101468,DGAS,B,2024-06-05,US,PP,8,11.9,25.57,109,95,205
978,24002026,24101468,DGAS,B,2024-06-05,US,PP,24,10.84,25.94,362,260,623
979,24002026,24101468,DGAS,B,2024-06-05,US,PP,1,0.0,150.0,150,0,150
980,24002026,24101468,DGAS,B,2024-06-05,US,PP,1,0.0,0.0,50,0,50
981,24002027,24101549,BHOU,B,2024-06-05,CA,IC,67,14.21,17.76,241,963,1204
982,24401068,24200060,SBEA,T,2024-06-05,US,TA,15,3.09,71.14,748,34,782
983,24401068,24200060,SBEA,T,2024-06-05,US,TA,4,3.09,71.14,200,9,209
984,24401069,24200229,SBEA,T,2024-06-05,US,TA,400,11.28,48.13,10795,3317,14112
985,24401070,24200643,THOU,T,2024-06-05,US,IC,1000,0.34,0.89,400,250,650
986,24401071,24200767,SBEA,T,2024-06-05,US,TA,100,7.96,36.42,2085,585,2670
987,24401072,24200768,SBEA,T,2024-06-05,US,TA,100,8.8,37.23,1849,880,2729
988,24401073,24200619,SGOY,T,2024-06-05,CA,NH,40,10.27,82.44,2995,302,3298
989,24401074,24200761,AMIN,T,2024-06-05,CA,PM,24,41.22,146.72,2794,727,3521
990,24401075,24200795,JAKI,T,2024-06-05,CA,NH,8,36.57,176.87,822,215,1037
991,24401075,24200795,JAKI,T,2024-06-05,CA,NH,33,22.83,70.36,1148,554,1702
992,24401076,24200850,AMIN,T,2024-06-05,CA,PR,12,4.7,41.22,453,41,495
993,24401077,24200884,SGOY,T,2024-06-05,CA,PO,24,11.67,58.4,1196,206,1402
994,316994,23250713,SBEA,D,2024-06-05,UK,TA,44,57.91,115.78,1861,1874,3734
995,316994,23250713,SBEA,D,2024-06-05,UK,TA,100,57.91,115.78,4229,4258,8487
996,316995,23250714,SBEA,D,2024-06-05,UK,TA,117,57.91,115.78,4947,4982,9930
997,316996,24250223,OGAL,D,2024-06-05,US,PO,10,83.12,263.93,1324,611,1935
998,316997,24250262,OGAL,D,2024-06-05,US,PO,9,41.83,168.25,833,277,1110
999,316998,24250297,SGOY,D,2024-06-05,CA,TE,340,6.08,14.12,3280,1521,4801
1000,316999,24250410,OGAL,D,2024-06-05,US,PO,12,4.88,0.0,-43,43,0
1001,317000,23250348,WMOR,D,2024-06-05,CA,TE,2000,79.62,127.94,138793,117087,255880
1002,24001994,23101778,BHOU,B,2024-06-04,AU,IC,57,43.68,84.68,2337,2490,4827
1003,24001995,23102062,BHOU,B,2024-06-04,AU,IC,87,43.68,84.68,3567,3800,7367
1004,24001996,23102309,BHOU,B,2024-06-04,AU,IC,20,39.94,109.11,1383,799,2182
1005,24001997,23102878,BHOU,B,2024-06-04,AU,IC,39,37.96,81.62,1703,1480,3183
1006,24001998,23103143,BHOU,B,2024-06-04,AU,IC,297,41.9,66.01,7161,12444,19605
1007,24001999,23103474,BHOU,B,2024-06-04,AU,IC,200,93.95,171.18,15446,18790,34236
1008,24002000,24100180,BHOU,B,2024-06-04,AU,IC,3,37.96,81.62,131,114,245
1009,24002001,23103291,FBER,B,2024-06-04,US,TR,1000,7.88,15.98,8099,7881,15980
1010,24002001,23103291,FBER,B,2024-06-04,US,TR,1,0.0,0.0,0,0,0
1011,24002002,24100195,DGAS,B,2024-06-04,US,NM,50,18.89,26.39,375,944,1320
1012,24002002,24100195,DGAS,B,2024-06-04,US,NM,1,0.0,0.0,0,0,0
1013,24002003,24101239,DGAS,B,2024-06-04,US,NM,61,27.06,58.21,1900,1651,3551
1014,24002003,24101239,DGAS,B,2024-06-04,US,NM,1,0.0,0.0,0,0,0
1015,24002004,24101186,MWIS,B,2024-06-04,US,OL,150,5.78,13.69,1186,868,2054
1016,24002004,24101186,MWIS,B,2024-06-04,US,OL,1,0.0,0.0,47,0,47
1017,24002005,24101363,MRHO,B,2024-06-04,US,TE,200,3.27,12.67,1879,655,2534
1018,24002005,24101363,MRHO,B,2024-06-04,US,TE,1,0.0,0.0,0,0,0
1019,24002006,24100064,BHOU,B,2024-06-04,US,TC,4000,1.25,1.74,1949,5011,6960
1020,24002007,24100314,BHOU,B,2024-06-04,US,TC,2000,1.66,2.89,2454,3326,5780
1021,24002008,24100408,KTIE,B,2024-06-04,US,NW,300,9.31,32.12,6843,2793,9636
1022,24002009,24100761,KTIE,B,2024-06-04,US,NW,200,28.87,72.49,8724,5774,14498
1023,24002010,24101079,SBEA,B,2024-06-04,US,TA,488,7.12,27.25,9823,3475,13298
1024,24002010,24101079,SBEA,B,2024-06-04,US,TA,1,0.0,0.0,0,0,0
1025,24002011,24101308,MWIS,B,2024-06-04,US,PR,76,14.45,43.53,2210,1099,3308
1026,24002011,24101308,MWIS,B,2024-06-04,US,PR,1,0.0,0.0,74,0,74
1027,24002012,24101354,FBER,B,2024-06-04,US,PC,4,25.94,194.81,675,104,779
1028,24002012,24101354,FBER,B,2024-06-04,US,PC,10,25.77,59.59,338,258,596
1029,24002013,24101355,MWIS,B,2024-06-04,US,PI,100,6.64,14.44,780,664,1444
1030,24002013,24101355,MWIS,B,2024-06-04,US,PI,1,0.0,0.0,38,0,38
1031,24002014,24101357,MWIS,B,2024-06-04,US,PI,125,20.47,64.17,5463,2558,8021
1032,24002014,24101357,MWIS,B,2024-06-04,US,PI,1,0.0,0.0,422,0,422
1033,24002015,24101392,MRHO,B,2024-06-04,US,PI,24,8.36,23.19,356,201,557
1034,24002015,24101392,MRHO,B,2024-06-04,US,PI,1,0.0,0.0,0,0,0
1035,24002016,24101398,DGAS,B,2024-06-04,US,PP,36,14.89,35.56,744,536,1280
1036,24002016,24101398,DGAS,B,2024-06-04,US,PP,1,0.0,0.0,0,0,0
1037,24401060,24200316,SBEA,T,2024-06-04,US,TA,19,1.1,10.9,136,15,152
1038,24401060,24200316,SBEA,T,2024-06-04,US,TA,10,1.1,10.9,72,8,80
1039,24401060,24200316,SBEA,T,2024-06-04,US,TA,46,1.1,10.9,330,37,368
1040,24401060,24200316,SBEA,T,2024-06-04,US,TA,85,1.1,10.9,610,69,679
1041,24401061,24200435,SBEA,T,2024-06-04,US,TA,100,51.22,101.17,3650,3766,7416
1042,24401062,24200643,THOU,T,2024-06-04,US,IC,31,65.2,90.71,575,1486,2061
1043,24401063,24200808,AMIN,T,2024-06-04,CA,TP,6,9.68,57.78,304,43,347
1044,24401064,24200836,AMIN,T,2024-06-04,CA,PM,25,16.49,35.31,580,303,883
1045,24401065,24200873,AMIN,T,2024-06-04,CA,OL,25,19.08,46.59,814,351,1165
1046,24401066,24200877,SGOY,T,2024-06-04,CA,PO,9,6.49,39.41,312,43,355
1047,24401067,24200898,SGOY,T,2024-06-04,CA,PO,12,3.25,17.1,177,29,205
1048,316990,24250296,SGOY,D,2024-06-04,CA,NH,42,10.19,29.85,939,315,1254
1049,316991,24250300,WMOR,D,2024-06-04,US,TE,256,1.13,9.02,1479,213,1692
1050,316991,24250300,WMOR,D,2024-06-04,US,TE,512,0.52,3.22,1012,196,1208
1051,316991,24250300,WMOR,D,2024-06-04,US,TE,64,6.46,20.08,638,304,942
1052,316991,24250300,WMOR,D,2024-06-04,US,TE,512,0.89,7.64,2531,336,2867
1053,316991,24250300,WMOR,D,2024-06-04,US,TE,17,29.7,159.41,1615,371,1986
1054,316992,24250426,WMOR,D,2024-06-04,CA,TE,10,86.46,336.94,2734,636,3369
1055,316993,23250034,WMOR,D,2024-06-04,US,TR,20,791.65,1957.63,17058,11642,28700
1056,24001975,24100058,DGAS,B,2024-06-03,US,NM,81,19.53,30.38,879,1582,2461
1057,24001975,24100058,DGAS,B,2024-06-03,US,NM,1,0.0,0.0,0,0,0
1058,24001976,24100549,KTIE,B,2024-06-03,US,NW,22,181.43,362.25,3978,3991,7970
1059,24001976,24100549,KTIE,B,2024-06-03,US,NW,1,0.0,0.0,0,0,0
1060,24001977,24101147,MRHO,B,2024-06-03,US,NT,5,43.53,171.01,637,218,855
1061,24001977,24101147,MRHO,B,2024-06-03,US,NT,5,44.39,171.01,633,222,855
1062,24001978,24101386,FBER,B,2024-06-03,US,TR,50,4.14,4.91,39,207,246
1063,24001978,24101386,FBER,B,2024-06-03,US,TR,1,0.0,0.0,0,0,0
1064,24001979,24100028,SBEA,B,2024-06-03,US,TA,13,4.86,113.6,1414,63,1477
1065,24001979,24100028,SBEA,B,2024-06-03,US,TA,1,0.0,0.0,0,0,0
1066,24001980,24100702,SBEA,B,2024-06-03,US,TA,20,12.93,172.29,3187,259,3446
1067,24001980,24100702,SBEA,B,2024-06-03,US,TA,1,0.0,0.0,0,0,0
1068,24001981,24100753,DGAS,B,2024-06-03,US,PO,4,22.94,54.25,125,92,217
1069,24001981,24100753,DGAS,B,2024-06-03,US,PO,8,75.59,88.73,105,605,710
1070,24001981,24100753,DGAS,B,2024-06-03,US,PO,50,3.66,11.74,404,183,587
1071,24001981,24100753,DGAS,B,2024-06-03,US,PO,1,0.0,0.0,0,0,0
1072,24001982,24101025,MRHO,B,2024-06-03,US,PI,10,6.61,21.9,153,66,219
1073,24001982,24101025,MRHO,B,2024-06-03,US,PI,1,0.0,0.0,24,0,24
1074,24001983,24101331,MWIS,B,2024-06-03,US,PR,16,2.96,42.47,632,47,680
1075,24001983,24101331,MWIS,B,2024-06-03,US,PR,1,0.0,0.0,0,0,0
1076,24001984,24101436,FBER,B,2024-06-03,US,PS,50,4.5,9.99,275,225,500
1077,24001984,24101436,FBER,B,2024-06-03,US,PS,1,0.0,0.0,0,0,0
1078,24001985,24100040,MWIS,B,2024-06-03,US,OL,300,5.21,9.75,1363,1562,2925
1079,24001985,24100040,MWIS,B,2024-06-03,US,OL,1,0.0,0.0,0,0,0
1080,24001986,24100118,SGOY,B,2024-06-03,CA,TR,72,8.58,11.26,193,618,811
1081,24001987,24100324,MWIS,B,2024-06-03,US,PI,165,11.22,20.2,1482,1851,3333
1082,24001987,24100324,MWIS,B,2024-06-03,US,PI,165,11.22,20.2,1482,1851,3333
1083,24001987,24100324,MWIS,B,2024-06-03,US,PI,165,11.22,20.2,1482,1851,3333
1084,24001987,24100324,MWIS,B,2024-06-03,US,PI,1,0.0,0.0,199,0,199
1085,24001988,24100452,KTIE,B,2024-06-03,US,NW,1,291.44,690.0,399,291,690
1086,24001988,24100452,KTIE,B,2024-06-03,US,NW,1,0.0,0.0,30,0,30
1087,24001989,24100560,KTIE,B,2024-06-03,US,NW,12,50.07,91.5,497,601,1098
1088,24001989,24100560,KTIE,B,2024-06-03,US,NW,1,0.0,0.0,0,0,0
1089,24001990,24100743,SBEA,B,2024-06-03,US,TA,99,5.38,79.21,7309,533,7842
1090,24001990,24100743,SBEA,B,2024-06-03,US,TA,1,0.0,0.0,0,0,0
1091,24001991,24100762,KTIE,B,2024-06-03,US,NW,100,30.76,110.85,8009,3076,11085
1092,24001992,24101174,OGAL,B,2024-06-03,US,NH,50,6.99,25.05,903,350,1253
1093,24001992,24101174,OGAL,B,2024-06-03,US,NH,25,11.17,33.02,546,279,826
1094,24001992,24101174,OGAL,B,2024-06-03,US,NH,25,8.49,27.83,484,212,696
1095,24001992,24101174,OGAL,B,2024-06-03,US,NH,1,0.0,0.0,88,0,88
1096,24001993,24101394,DGAS,B,2024-06-03,US,PP,8,10.86,31.37,164,87,251
1097,24001993,24101394,DGAS,B,2024-06-03,US,PP,1,0.0,0.0,0,0,0
1098,24401052,23201793,THOU,T,2024-06-03,US,IC,144,30.3,50.05,2075,3208,5283
1099,24401053,24200187,SBEA,T,2024-06-03,US,TA,27,52.91,118.51,1295,1050,2345
1100,24401053,24200187,SBEA,T,2024-06-03,US,TA,100,52.91,118.51,4796,3891,8687
1101,24401053,24200187,SBEA,T,2024-06-03,US,TA,30,52.91,118.51,1439,1167,2606
1102,24401053,24200187,SBEA,T,2024-06-03,US,TA,93,52.91,118.51,4461,3618,8079
1103,24401054,24200378,THOU,T,2024-06-03,US,IC,402,0.52,0.71,55,155,209
1104,24401054,24200378,THOU,T,2024-06-03,US,IC,420,0.52,0.71,57,161,218
1105,24401054,24200378,THOU,T,2024-06-03,US,IC,370,0.52,0.71,50,142,192
1106,24401054,24200378,THOU,T,2024-06-03,US,IC,408,0.52,0.71,55,157,212
1107,24401054,24200378,THOU,T,2024-06-03,US,IC,400,0.52,0.71,54,154,208
1108,24401055,24200392,SBEA,T,2024-06-03,US,TA,1436,2.37,8.28,6210,2507,8717
1109,24401055,24200392,SBEA,T,2024-06-03,US,TA,14,2.37,8.28,61,24,85
1110,24401056,24200679,SGOY,T,2024-06-03,CA,TP,20,26.34,140.98,2432,387,2820
1111,24401057,24200816,SGOY,T,2024-06-03,CA,PO,1,153.14,281.82,169,113,282
1112,24401058,24200822,SGOY,T,2024-06-03,CA,PO,3,137.53,245.14,432,303,735
1113,24401059,24200853,SGOY,T,2024-06-03,CA,PO,3,130.76,240.25,432,288,721
1114,316985,24250233,MRHO,D,2024-06-03,US,PI,2,576.52,2709.71,3125,848,3973
1115,316986,24250253,DHOU,D,2024-06-03,US,IC,1,420.5,483.2,45,309,354
1116,316987,24250274,DHOU,D,2024-06-03,US,IC,1,420.5,483.2,45,309,354
1117,316988,24250316,SGOY,D,2024-06-03,CA,TP,36,68.55,289.78,8618,1814,10432
1118,316989,24250381,MRHO,D,2024-06-03,US,PO,36,14.95,46.94,843,396,1239
