Invoice No,Order No,Sales Rep Name,SITE,Date,Ship to Country,Market Segment,Quantity,Unit Cost,Unit Price,Total Profit USD,Total Cost USD,Total Value USD
24002290,24100343,FBER,B,2024-06-28,US,TR,1464,10.2559,14.79,"$6,638 ","$15,015 ",21653
24002290,24100343,FBER,B,2024-06-28,US,TR,1,0,0,$0 ,$0 ,0
24002292,24101537,FBER,B,2024-06-28,US,TR,100,3.6035,10.88,$728 ,$360 ,1088
24002292,24101537,FBER,B,2024-06-28,US,TR,1,0,0,$0 ,$0 ,0
24002293,23103363,KTIE,B,2024-06-28,US,NT,21,14.249,59.54,$951 ,$299 ,1250
24002293,23103363,KTIE,B,2024-06-28,US,NT,1,0,0,$0 ,$0 ,0
24002294,23103642,KTIE,B,2024-06-28,CA,NW,2056,21.5517,35.9,"$29,500 ","$44,310 ",73810
24002295,24100217,SBEA,B,2024-06-28,US,TA,221,10.7427,126.85,"$25,660 ","$2,374 ",28034
24002295,24100217,SBEA,B,2024-06-28,US,TA,1,0,0,$0 ,$0 ,0
24002296,24100255,SBEA,B,2024-06-28,US,TA,20,34.42,107.85,"$1,469 ",$688 ,2157
24002296,24100255,SBEA,B,2024-06-28,US,TA,1,0,0,$0 ,$0 ,0
24002297,24101517,FBER,B,2024-06-28,US,TR,50,10.5784,15.54,$248 ,$529 ,777
24002297,24101517,FBER,B,2024-06-28,US,TR,1,0,0,$0 ,$0 ,0
24002298,24101563,MWIS,B,2024-06-28,US,PO,40,10.87,32.39,$861 ,$435 ,1296
24002298,24101563,MWIS,B,2024-06-28,US,PO,1,0,0,$0 ,$0 ,0
24002299,23102917,GXAV,B,2024-06-28,US,TE,1500,7.1879,8.54,"$2,028 ","$10,782 ",12810
24002300,23103085,DGAS,B,2024-06-28,US,PS,300,1.3545,2.78,$428 ,$406 ,834
24002300,23103085,DGAS,B,2024-06-28,US,PS,1,0,0,$0 ,$0 ,0
24002301,23103166,KTIE,B,2024-06-28,US,NW,1079,23.7048,35.9,"$13,159 ","$25,577 ",38736
24002301,23103166,KTIE,B,2024-06-28,US,NW,1,0,160,$160 ,$0 ,160
24002302,23103191,MRHO,B,2024-06-28,US,PO,100,6.2979,6.58,$28 ,$630 ,658
24002302,23103191,MRHO,B,2024-06-28,US,PO,1,0,0,$0 ,$0 ,0
24002303,23103239,DGAS,B,2024-06-28,US,PV,525,1.9141,10.87,"$4,702 ","$1,005 ",5707
24002303,23103239,DGAS,B,2024-06-28,US,PV,1,0,0,$0 ,$0 ,0
24002304,23103554,AMIN,B,2024-06-28,CA,TR,1592,8.4922,16.5,"$12,748 ","$13,520 ",26268
24002305,24100012,MRHO,B,2024-06-28,US,PS,150,4.5736,8.06,$523 ,$686 ,1209
24002305,24100012,MRHO,B,2024-06-28,US,PS,1,0,0,$0 ,$0 ,0
24002306,24100043,DGAS,B,2024-06-28,US,PV,250,2.4555,5.15,$674 ,$614 ,1288
24002306,24100043,DGAS,B,2024-06-28,US,PV,1,0,0,$0 ,$0 ,0
24002307,24100065,OGAL,B,2024-06-28,US,NH,110,9.2009,24.49,"$1,682 ","$1,012 ",2694
24002307,24100065,OGAL,B,2024-06-28,US,NH,1,0,0,$100 ,$0 ,100
24002308,24100317,DGAS,B,2024-06-28,US,PV,300,2.4555,5.15,$808 ,$737 ,1545
24002308,24100317,DGAS,B,2024-06-28,US,PV,1,0,0,$0 ,$0 ,0
24002309,24100324,MWIS,B,2024-06-28,US,PI,250,52.03,93.65,"$10,405 ","$13,008 ",23413
24002309,24100324,MWIS,B,2024-06-28,US,PI,161,11.22,20.2,"$1,446 ","$1,806 ",3252
24002309,24100324,MWIS,B,2024-06-28,US,PI,1,0,146.78,$147 ,$0 ,147
24002310,24100453,MRHO,B,2024-06-28,US,PS,1200,3.4333,4.83,"$1,676 ","$4,120 ",5796
24002310,24100453,MRHO,B,2024-06-28,US,PS,1,0,0,$0 ,$0 ,0
24002311,24100492,MWIS,B,2024-06-28,US,PM,600,12.3547,43.48,"$18,675 ","$7,413 ",26088
24002311,24100492,MWIS,B,2024-06-28,US,PM,1,0,0,$0 ,$0 ,0
24002312,24100609,SBEA,B,2024-06-28,US,TA,100,4.42,28.78,"$2,436 ",$442 ,2878
24002312,24100609,SBEA,B,2024-06-28,US,TA,1,0,0,$0 ,$0 ,0
24002313,24100636,KTIE,B,2024-06-28,US,NW,400,41.2344,40.07,($466),"$16,494 ",16028
24002314,24100729,MWIS,B,2024-06-28,US,PM,4,18.045,99.61,$326 ,$72 ,398
24002314,24100729,MWIS,B,2024-06-28,US,PM,1,0,0,$24 ,$0 ,24
24002315,24100789,GXAV,B,2024-06-28,US,TE,200,21.7408,32.95,"$2,242 ","$4,348 ",6590
24002315,24100789,GXAV,B,2024-06-28,US,TE,1,0,0,$0 ,$0 ,0
24002316,24100838,SBEA,B,2024-06-28,US,TA,2000,0.5408,5.84,"$10,598 ","$1,082 ",11680
24002317,24100959,KTIE,B,2024-06-28,US,NW,1400,28.2459,47.48,"$26,928 ","$39,544 ",66472
24002318,24100962,DGAS,B,2024-06-28,US,PS,8000,1.6146,2.51,"$7,163 ","$12,917 ",20080
24002319,24100978,BHOU,B,2024-06-28,CA,IC,300,50.0606,67.47,"$5,223 ","$15,018 ",20241
24002320,24100991,MRHO,B,2024-06-28,US,PI,104,9.554,23.98,"$1,500 ",$994 ,2494
24002320,24100991,MRHO,B,2024-06-28,US,PI,1,0,0,$0 ,$0 ,0
24002321,24101203,BHOU,B,2024-06-28,PE,NM,200,9.6888,16.77,"$1,416 ","$1,938 ",3354
24002322,24101247,SBEA,B,2024-06-28,US,TA,534,3.1182,18.78,"$8,363 ","$1,665 ",10029
24002323,24101435,MWIS,B,2024-06-28,US,OL,1,655.6,1780,"$1,124 ",$656 ,1780
24002323,24101435,MWIS,B,2024-06-28,US,OL,1,0,0,$0 ,$0 ,0
24002324,24101552,FBER,B,2024-06-28,US,TR,48,4.1354,7.04,$139 ,$199 ,338
24002324,24101552,FBER,B,2024-06-28,US,TR,1,0,0,$0 ,$0 ,0
24002325,24101658,MWIS,B,2024-06-28,US,PO,24,7.8692,29.23,$513 ,$189 ,702
24002325,24101658,MWIS,B,2024-06-28,US,PO,1,0,23.91,$24 ,$0 ,24
24002325,24101658,MWIS,B,2024-06-28,US,PO,24,5.7779,22.82,$409 ,$139 ,548
24002325,24101658,MWIS,B,2024-06-28,US,PO,1,0,16.63,$17 ,$0 ,17
24002326,24101752,GXAV,B,2024-06-28,US,TR,175,119.9086,169.48,"$8,675 ","$20,984 ",29659
24002327,24101769,KTIE,B,2024-06-28,US,NW,1,0,108,$108 ,$0 ,108
24401219,23200772,SBEA,T,2024-06-28,US,TA,9,49.4456,86.122,$241 ,$327 ,568
24401219,23200772,SBEA,T,2024-06-28,US,TA,100,49.4459,86.122,"$2,677 ","$3,636 ",6313
24401219,23200772,SBEA,T,2024-06-28,US,TA,100,49.4459,86.122,"$2,677 ","$3,636 ",6313
24401219,23200772,SBEA,T,2024-06-28,US,TA,100,49.4459,86.122,"$2,677 ","$3,636 ",6313
24401219,23200772,SBEA,T,2024-06-28,US,TA,100,49.4459,86.122,"$2,677 ","$3,636 ",6313
24401219,23200772,SBEA,T,2024-06-28,US,TA,100,49.4459,86.122,"$2,677 ","$3,636 ",6313
24401219,23200772,SBEA,T,2024-06-28,US,TA,100,49.4459,86.122,"$2,677 ","$3,636 ",6313
24401219,23200772,SBEA,T,2024-06-28,US,TA,100,49.4459,86.122,"$2,677 ","$3,636 ",6313
24401219,23200772,SBEA,T,2024-06-28,US,TA,105,49.4459,86.122,"$2,811 ","$3,818 ",6629
24401219,23200772,SBEA,T,2024-06-28,US,TA,105,49.4459,86.122,"$2,811 ","$3,818 ",6629
24401219,23200772,SBEA,T,2024-06-28,US,TA,81,49.4459,86.122,"$2,169 ","$2,945 ",5114
24401220,23201793,THOU,T,2024-06-28,US,IC,72,33.7828,50.052,$853 ,"$1,789 ",2642
24401221,24200135,SBEA,T,2024-06-28,US,TA,1931,1.4392,5.375,"$5,565 ","$2,043 ",7608
24401221,24200135,SBEA,T,2024-06-28,US,TA,69,1.4391,5.375,$199 ,$73 ,272
24401221,24200135,SBEA,T,2024-06-28,US,TA,1000,1.4392,5.375,"$2,882 ","$1,058 ",3940
24401221,24200135,SBEA,T,2024-06-28,US,TA,2000,1.4392,5.375,"$5,764 ","$2,116 ",7880
24401222,24200186,SBEA,T,2024-06-28,US,TA,52,44.5723,73.203,"$1,086 ","$1,704 ",2790
24401222,24200186,SBEA,T,2024-06-28,US,TA,100,44.5724,73.203,"$2,089 ","$3,277 ",5366
24401222,24200186,SBEA,T,2024-06-28,US,TA,100,44.5724,73.203,"$2,089 ","$3,277 ",5366
24401222,24200186,SBEA,T,2024-06-28,US,TA,100,44.5724,73.203,"$2,089 ","$3,277 ",5366
24401222,24200186,SBEA,T,2024-06-28,US,TA,100,44.5724,73.203,"$2,089 ","$3,277 ",5366
24401222,24200186,SBEA,T,2024-06-28,US,TA,100,44.5724,73.203,"$2,089 ","$3,277 ",5366
24401222,24200186,SBEA,T,2024-06-28,US,TA,100,44.5724,73.203,"$2,089 ","$3,277 ",5366
24401222,24200186,SBEA,T,2024-06-28,US,TA,100,44.5724,73.203,"$2,089 ","$3,277 ",5366
24401222,24200186,SBEA,T,2024-06-28,US,TA,100,44.5724,73.203,"$2,089 ","$3,277 ",5366
24401222,24200186,SBEA,T,2024-06-28,US,TA,108,44.5724,73.203,"$2,256 ","$3,540 ",5795
24401222,24200186,SBEA,T,2024-06-28,US,TA,100,44.5724,73.203,"$2,089 ","$3,277 ",5366
24401222,24200186,SBEA,T,2024-06-28,US,TA,100,44.5724,73.203,"$2,089 ","$3,277 ",5366
24401222,24200186,SBEA,T,2024-06-28,US,TA,100,44.5724,73.203,"$2,089 ","$3,277 ",5366
24401222,24200186,SBEA,T,2024-06-28,US,TA,105,44.5724,73.203,"$2,193 ","$3,441 ",5634
24401222,24200186,SBEA,T,2024-06-28,US,TA,110,44.5724,73.203,"$2,297 ","$3,605 ",5903
24401222,24200186,SBEA,T,2024-06-28,US,TA,100,44.5724,73.203,"$2,089 ","$3,277 ",5366
24401222,24200186,SBEA,T,2024-06-28,US,TA,105,44.5724,73.203,"$2,193 ","$3,441 ",5634
24401222,24200186,SBEA,T,2024-06-28,US,TA,110,44.5724,73.203,"$2,297 ","$3,605 ",5903
24401222,24200186,SBEA,T,2024-06-28,US,TA,105,44.5724,73.203,"$2,193 ","$3,441 ",5634
24401222,24200186,SBEA,T,2024-06-28,US,TA,105,44.5724,73.203,"$2,193 ","$3,441 ",5634
24401223,24200358,GXAV,T,2024-06-28,US,TE,500,9.4018,31.513,"$8,093 ","$3,457 ",11550
24401224,24200698,GXAV,T,2024-06-28,US,TE,400,38.4669,74.99,"$10,674 ","$11,314 ",21988
24401225,24200785,THOU,T,2024-06-28,US,IC,50,26.6842,34.76,$293 ,$981 ,1274
24401225,24200785,THOU,T,2024-06-28,US,IC,92,26.6841,34.76,$539 ,"$1,805 ",2344
24401226,24200932,THOU,T,2024-06-28,US,IC,1000,23.9828,5.552,"($13,564)","$17,634 ",4070
24401227,24201001,AMIN,T,2024-06-28,CA,OL,50,7.9504,14.08,$412 ,$292 ,704
24401227,24201001,AMIN,T,2024-06-28,CA,OL,50,7.9504,14.08,$412 ,$292 ,704
317072,23250649,WMOR,D,2024-06-28,US,TE,35,2280.4391,2837.536,"$14,112 ","$58,688 ",72800
317074,24250015,KTIE,D,2024-06-28,US,NW,13,3147.7569,5020.256,"$17,751 ","$30,089 ",47840
317075,24250065,SGOY,D,2024-06-28,CA,TR,15,205.554,235.979,$328 ,"$2,267 ",2595
317076,24250409,OGAL,D,2024-06-28,CA,PP,2,826.035,2017,"$2,819 ","$1,215 ",4034
24002275,24101731,FBER,B,2024-06-27,US,TR,1,119.91,156,$36 ,$120 ,156
24002275,24101731,FBER,B,2024-06-27,US,TR,1,0,0,$0 ,$0 ,0
24002276,24101453,DGAS,B,2024-06-27,US,PO,50,11.9718,21.69,$486 ,$599 ,1085
24002276,24101453,DGAS,B,2024-06-27,US,PO,1,0,0,$0 ,$0 ,0
24002277,24101524,MRHO,B,2024-06-27,US,PO,100,17.6499,55.86,"$3,821 ","$1,765 ",5586
24002277,24101524,MRHO,B,2024-06-27,US,PO,1,0,0,$127 ,$0 ,127
24002278,24101582,MWIS,B,2024-06-27,US,PO,50,2.4282,9.15,$336 ,$121 ,458
24002278,24101582,MWIS,B,2024-06-27,US,PO,50,3.8474,12.48,$432 ,$192 ,624
24002278,24101582,MWIS,B,2024-06-27,US,PO,1,0,0,$0 ,$0 ,0
24002279,23103526,BHOU,B,2024-06-27,US,TC,15000,2.5959,3.2,"$9,062 ","$38,939 ",48000
24002280,24100013,MRHO,B,2024-06-27,US,PS,100,4.1159,4.56,$44 ,$412 ,456
24002280,24100013,MRHO,B,2024-06-27,US,PS,1,0,0,$0 ,$0 ,0
24002281,24100633,KTIE,B,2024-06-27,US,NW,1400,26.5145,61.96,"$49,624 ","$37,120 ",86744
24002282,24100639,KTIE,B,2024-06-27,US,NW,900,10.8147,29.74,"$17,033 ","$9,733 ",26766
24002283,24100973,MWIS,B,2024-06-27,US,PV,24,12.8154,25.64,$308 ,$308 ,615
24002283,24100973,MWIS,B,2024-06-27,US,PV,1,0,0,$0 ,$0 ,0
24002284,24101441,MWIS,B,2024-06-27,US,OL,100,5.319,16.59,"$1,127 ",$532 ,1659
24002284,24101441,MWIS,B,2024-06-27,US,OL,1,0,0,$0 ,$0 ,0
24002285,24101523,DGAS,B,2024-06-27,US,PP,24,17.6704,31.04,$321 ,$424 ,745
24002285,24101523,DGAS,B,2024-06-27,US,PP,1,0,0,$0 ,$0 ,0
24002286,24101547,MRHO,B,2024-06-27,US,TE,20,220,385,"$3,300 ","$4,400 ",7700
24002286,24101547,MRHO,B,2024-06-27,US,TE,1,0,174.88,$175 ,$0 ,175
24002287,24101568,MWIS,B,2024-06-27,US,PO,50,4.9622,12.23,$363 ,$248 ,612
24002287,24101568,MWIS,B,2024-06-27,US,PO,50,8.6934,14.31,$281 ,$435 ,716
24002287,24101568,MWIS,B,2024-06-27,US,PO,1,0,0,$39 ,$0 ,39
24002288,24101576,DGAS,B,2024-06-27,US,OL,24,3.8588,15.59,$282 ,$93 ,374
24002288,24101576,DGAS,B,2024-06-27,US,OL,1,0,0,$0 ,$0 ,0
24002289,24101592,MRHO,B,2024-06-27,US,OL,20,7.373,37.35,$600 ,$147 ,747
24002289,24101592,MRHO,B,2024-06-27,US,OL,1,0,0,$0 ,$0 ,0
24401207,24200409,GXAV,T,2024-06-27,US,TE,300,38.4669,92.165,"$11,783 ","$8,485 ",20268
24401208,24200668,THOU,T,2024-06-27,US,IC,462,1.378,11.841,"$3,542 ",$468 ,4010
24401208,24200668,THOU,T,2024-06-27,US,IC,30,1.378,11.841,$230 ,$30 ,260
24401209,24200139,FBER,T,2024-06-27,US,TE,3000,38.4669,89,"$110,867 ","$84,853 ",195720
24401210,24200719,SGOY,T,2024-06-27,CA,TE,150,4.7187,7.17,$555 ,$520 ,1076
24401211,24200873,AMIN,T,2024-06-27,CA,OL,25,19.0768,46.59,$814 ,$351 ,1165
24401212,24200908,OGAL,T,2024-06-27,CA,PO,200,4.2643,10.65,"$1,503 ",$627 ,2130
24401213,24200910,AMIN,T,2024-06-27,CA,PM,4,25.425,109.32,$363 ,$75 ,437
24401214,24200914,OGAL,T,2024-06-27,CA,PO,5,6.49,71.61,$334 ,$24 ,358
24401215,24200947,AMIN,T,2024-06-27,CA,PO,4,10.82,43.73,$143 ,$32 ,175
24401216,24200970,SGOY,T,2024-06-27,CA,NH,12,12.4083,56.13,$564 ,$109 ,674
24401217,24200993,AMIN,T,2024-06-27,CA,PM,24,19.8729,80.39,"$1,579 ",$351 ,1929
24401218,24201007,AMIN,T,2024-06-27,CA,NM,12,22.1025,149.42,"$1,598 ",$195 ,1793
317066,24250083,FBER,D,2024-06-27,US,PS,10,2770.859,12727.345,"$72,921 ","$20,374 ",93295
317066,24250083,FBER,D,2024-06-27,US,PS,1,0.01,0,$0 ,$0 ,0
317067,24250204,JAKI,D,2024-06-27,CA,NW,4,28588.005,43378.832,"$43,110 ","$84,082 ",127192
317068,24250352,MWIS,D,2024-06-27,US,OL,5,63.626,462.655,"$1,462 ",$234 ,1696
317069,24250406,MWIS,D,2024-06-27,US,OL,5,63.626,462.655,"$1,462 ",$234 ,1696
317070,24250478,WMOR,D,2024-06-27,US,TR,24,4.6446,15.961,$199 ,$82 ,281
317070,24250478,WMOR,D,2024-06-27,US,TR,24,3.9138,13.519,$169 ,$69 ,238
317070,24250478,WMOR,D,2024-06-27,US,TR,24,0.7383,13.519,$225 ,$13 ,238
24002247,23103144,BHOU,B,2024-06-26,ME,IC,20,167.63,219.7,"$1,041 ","$3,353 ",4394
24002247,23103144,BHOU,B,2024-06-26,ME,IC,25,18.9,46.9,$700 ,$473 ,1173
24002247,23103144,BHOU,B,2024-06-26,ME,IC,10,68.34,179.9,"$1,116 ",$683 ,1799
24002248,23102309,BHOU,B,2024-06-26,AU,IC,9,92.6,140.06,$427 ,$833 ,1261
24002250,24100362,BHOU,B,2024-06-26,AU,IC,1,35.79,81.62,$46 ,$36 ,82
24002251,24100349,GXAV,B,2024-06-26,US,TR,500,7.8809,15.64,"$3,880 ","$3,940 ",7820
24002252,24100106,KTIE,B,2024-06-26,US,NT,5,14.25,58.54,$221 ,$71 ,293
24002252,24100106,KTIE,B,2024-06-26,US,NT,21,14.249,58.54,$930 ,$299 ,1229
24002252,24100106,KTIE,B,2024-06-26,US,NT,22,14.2491,58.54,$974 ,$313 ,1288
24002252,24100106,KTIE,B,2024-06-26,US,NT,1,0,0,$0 ,$0 ,0
24002253,24100765,OGAL,B,2024-06-26,US,PO,49,29.0961,62.47,"$1,635 ","$1,426 ",3061
24002253,24100765,OGAL,B,2024-06-26,US,PO,1,0,0,$73 ,$0 ,73
24002254,24100817,SBEA,B,2024-06-26,US,TA,500,39.699,58.09,"$9,196 ","$19,850 ",29045
24002254,24100817,SBEA,B,2024-06-26,US,TA,1,0,0,$0 ,$0 ,0
24002255,24101517,FBER,B,2024-06-26,US,TR,24,8.5292,9.87,$32 ,$205 ,237
24002255,24101517,FBER,B,2024-06-26,US,TR,1,0,0,$0 ,$0 ,0
24002256,24100122,OGAL,B,2024-06-26,US,PM,40,13.257,32.86,$784 ,$530 ,1314
24002256,24100122,OGAL,B,2024-06-26,US,PM,1,0,0,$0 ,$0 ,0
24002257,24100426,GXAV,B,2024-06-26,US,TE,100,7.1009,12.4,$530 ,$710 ,1240
24002257,24100426,GXAV,B,2024-06-26,US,TE,1,0,0,$0 ,$0 ,0
24002258,24100518,DGAS,B,2024-06-26,US,PS,16072,0.3563,0.94,"$9,381 ","$5,726 ",15108
24002259,24100626,MRHO,B,2024-06-26,US,PS,2000,0.5076,1.99,"$2,965 ","$1,015 ",3980
24002259,24100626,MRHO,B,2024-06-26,US,PS,1,0,0,$0 ,$0 ,0
24002260,24100627,MRHO,B,2024-06-26,US,PS,2000,0.5365,5.45,"$9,827 ","$1,073 ",10900
24002260,24100627,MRHO,B,2024-06-26,US,PS,1,0,0,$0 ,$0 ,0
24002261,24100634,KTIE,B,2024-06-26,US,NW,2400,28.2459,47.88,"$47,122 ","$67,790 ",114912
24002262,24100906,KTIE,B,2024-06-26,US,NW,1000,23.7048,35.9,"$12,195 ","$23,705 ",35900
24002263,24100966,KTIE,B,2024-06-26,US,NW,288,10.8752,21.58,"$3,083 ","$3,132 ",6215
24002263,24100966,KTIE,B,2024-06-26,US,NW,1,0,0,$452 ,$0 ,452
24002264,24101055,KTIE,B,2024-06-26,US,NW,27,25.5085,36.91,$308 ,$689 ,997
24002264,24101055,KTIE,B,2024-06-26,US,NW,1,0,0,$49 ,$0 ,49
24002265,24101167,DGAS,B,2024-06-26,US,PV,75,5.8003,14.86,$679 ,$435 ,1115
24002265,24101167,DGAS,B,2024-06-26,US,PV,1,0,0,$0 ,$0 ,0
24002266,24101238,GXAV,B,2024-06-26,US,TR,24,8.5829,12.01,$82 ,$206 ,288
24002266,24101238,GXAV,B,2024-06-26,US,TR,1,0,0,$0 ,$0 ,0
24002267,24101317,GXAV,B,2024-06-26,US,TE,200,16.1338,49.2,"$6,613 ","$3,227 ",9840
24002267,24101317,GXAV,B,2024-06-26,US,TE,1,0,0,$0 ,$0 ,0
24002268,24101452,MRHO,B,2024-06-26,US,TR,60,10.56,23.02,$748 ,$634 ,1381
24002268,24101452,MRHO,B,2024-06-26,US,TR,1,0,0,$0 ,$0 ,0
24002269,24101514,DGAS,B,2024-06-26,US,PP,64,16.3023,27.23,$699 ,"$1,043 ",1743
24002269,24101514,DGAS,B,2024-06-26,US,PP,1,0,0,$0 ,$0 ,0
24002270,24101515,DGAS,B,2024-06-26,US,PP,16,7.7456,19.77,$192 ,$124 ,316
24002270,24101515,DGAS,B,2024-06-26,US,PP,1,0,0,$0 ,$0 ,0
24002271,24101564,DGAS,B,2024-06-26,US,PP,10,3.738,15.18,$114 ,$37 ,152
24002271,24101564,DGAS,B,2024-06-26,US,PP,1,0,0,$0 ,$0 ,0
24002272,24101569,MWIS,B,2024-06-26,US,PO,24,46.5992,67.98,$513 ,"$1,118 ",1632
24002272,24101569,MWIS,B,2024-06-26,US,PO,1,0,22.73,$23 ,$0 ,23
24002273,24101734,OGAL,B,2024-06-26,US,OL,2,632.5,1235,"$1,205 ","$1,265 ",2470
24002273,24101734,OGAL,B,2024-06-26,US,OL,1,0,0,$0 ,$0 ,0
24002274,24101737,BHOU,B,2024-06-26,CA,IC,2,85.735,115.96,$60 ,$171 ,232
24002274,24101737,BHOU,B,2024-06-26,CA,IC,2,158.61,214.58,$112 ,$317 ,429
24002274,24101737,BHOU,B,2024-06-26,CA,IC,2,131.305,171.59,$81 ,$263 ,343
24002274,24101737,BHOU,B,2024-06-26,CA,IC,1,417.97,633.32,$215 ,$418 ,633
24002274,24101737,BHOU,B,2024-06-26,CA,IC,10,154.568,209.11,$545 ,"$1,546 ",2091
24401200,24200866,THOU,T,2024-06-26,US,IC,1100,24.7982,5.552,"($15,580)","$20,057 ",4477
24401201,24200663,AMIN,T,2024-06-26,CA,TE,398,23.9838,27.84,"$4,062 ","$7,019 ",11080
24401202,24200882,AMIN,T,2024-06-26,CA,PO,12,13.0767,89.324,$957 ,$115 ,1072
24401203,24200907,AMIN,T,2024-06-26,CA,PP,11,12.4055,75.41,$729 ,$100 ,830
24401204,24200946,AMIN,T,2024-06-26,CA,PM,8,16.7763,100,$701 ,$99 ,800
24401205,24200951,AMIN,T,2024-06-26,CA,PM,10,14.826,46.15,$352 ,$109 ,462
24401206,24200968,JAKI,T,2024-06-26,CA,NW,10,93.093,118.19,$497 ,$685 ,1182
317062,24250294,OGAL,D,2024-06-26,US,PO,20,30.5705,121.864,"$1,337 ",$450 ,1787
317063,24250305,MWIS,D,2024-06-26,US,PI,25,35.308,117.021,"$1,495 ",$649 ,2145
317064,24250318,MWIS,D,2024-06-26,US,PI,25,35.308,117.021,"$1,495 ",$649 ,2145
317065,23250884,SGOY,D,2024-06-26,CA,TE,1800,14.0607,21.21,"$19,568 ","$18,610 ",38178
24002226,23103300,FBER,B,2024-06-25,US,TR,200,6.9181,11.86,$988 ,"$1,384 ",2372
24002226,23103300,FBER,B,2024-06-25,US,TR,1,0,0,$0 ,$0 ,0
24002227,24100343,FBER,B,2024-06-25,US,TR,1368,10.2559,14.79,"$6,203 ","$14,030 ",20233
24002228,24100349,GXAV,B,2024-06-25,US,TR,1,0,0,$0 ,$0 ,0
24002229,24100516,DGAS,B,2024-06-25,US,NM,500,10.778,17.09,"$3,156 ","$5,389 ",8545
24002229,24100516,DGAS,B,2024-06-25,US,NM,1,0,0,$0 ,$0 ,0
24002230,24101307,MRHO,B,2024-06-25,US,NT,50,17.174,42.29,"$1,256 ",$859 ,2115
24002230,24101307,MRHO,B,2024-06-25,US,NT,1,0,0,$0 ,$0 ,0
24002231,24101491,FBER,B,2024-06-25,US,TR,150,3.2434,3.78,$80 ,$487 ,567
24002231,24101491,FBER,B,2024-06-25,US,TR,1,0,0,$0 ,$0 ,0
24002232,23102293,FBER,B,2024-06-25,US,NO,1000,7.9506,11.74,"$3,789 ","$7,951 ",11740
24002233,23102574,BHOU,B,2024-06-25,AU,IC,299,35.79,81.62,"$13,703 ","$10,701 ",24404
24002234,23102963,SBEA,B,2024-06-25,US,TA,50,20.17,142.93,"$6,138 ","$1,009 ",7147
24002234,23102963,SBEA,B,2024-06-25,US,TA,1,0,0,$0 ,$0 ,0
24002235,23103113,MWIS,B,2024-06-25,US,PS,1500,1.284,4.36,"$4,614 ","$1,926 ",6540
24002235,23103113,MWIS,B,2024-06-25,US,PS,1,0,0,$0 ,$0 ,0
24002236,24100672,FBER,B,2024-06-25,US,NO,300,135.3137,169.14,"$10,148 ","$40,594 ",50742
24002237,24100675,,B,2024-06-25,US,TE,350,5.1317,16.95,"$4,136 ","$1,796 ",5933
24002237,24100675,,B,2024-06-25,US,TE,1,0,0,$492 ,$0 ,492
24002238,24101114,SGOY,B,2024-06-25,CA,TR,100,10.0619,10.76,$70 ,"$1,006 ",1076
24002239,24101602,MRHO,B,2024-06-25,US,NO,5,103.7,677.41,"$2,869 ",$519 ,3387
24002240,24100137,SBEA,B,2024-06-25,US,TA,1000,1.9159,4.59,"$2,674 ","$1,916 ",4590
24002240,24100137,SBEA,B,2024-06-25,US,TA,1,0,0,$0 ,$0 ,0
24002241,24100761,KTIE,B,2024-06-25,US,NW,7,26.5143,61.96,$248 ,$186 ,434
24002242,24100781,KTIE,B,2024-06-25,US,NW,1400,34.7915,48.08,"$18,604 ","$48,708 ",67312
24002242,24100781,KTIE,B,2024-06-25,US,NW,1200,25.021,41.11,"$19,307 ","$30,025 ",49332
24002242,24100781,KTIE,B,2024-06-25,US,NW,1400,28.2459,45.96,"$24,800 ","$39,544 ",64344
24002243,24101031,MWIS,B,2024-06-25,US,PV,24,5.3929,13.78,$201 ,$129 ,331
24002243,24101031,MWIS,B,2024-06-25,US,PV,1,0,0,$0 ,$0 ,0
24002244,24101104,MWIS,B,2024-06-25,US,PV,24,9.6404,19.45,$235 ,$231 ,467
24002244,24101104,MWIS,B,2024-06-25,US,PV,1,0,0,$0 ,$0 ,0
24002245,24101424,OGAL,B,2024-06-25,US,OL,10,269.5,861,"$5,915 ","$2,695 ",8610
24002245,24101424,OGAL,B,2024-06-25,US,OL,1,0,0,$0 ,$0 ,0
24002246,24101551,MWIS,B,2024-06-25,US,PO,8,10.3625,52.24,$335 ,$83 ,418
24002246,24101551,MWIS,B,2024-06-25,US,PO,1,0,0,$0 ,$0 ,0
24401192,24200310,GXAV,T,2024-06-25,US,TE,200,9.4018,31.513,"$3,237 ","$1,383 ",4620
24401193,24200806,THOU,T,2024-06-25,US,IC,41,65.1973,90.706,$761 ,"$1,966 ",2726
24401194,22200952,AMIN,T,2024-06-25,CA,TE,23,218.2722,319.47,"$3,656 ","$3,691 ",7348
24401195,24200535,SGOY,T,2024-06-25,CA,NH,121,24.4601,69.2,"$6,197 ","$2,176 ",8373
24401196,24200903,AMIN,T,2024-06-25,CA,PM,40,11.8865,88.46,"$3,189 ",$350 ,3538
24401197,24200943,AMIN,T,2024-06-25,CA,PM,12,23.9208,71.45,$646 ,$211 ,857
24401198,24200967,SGOY,T,2024-06-25,CA,PO,16,20.0769,99.75,"$1,360 ",$236 ,1596
24401199,24200994,AMIN,T,2024-06-25,CA,PM,7,246.17,554.11,"$2,612 ","$1,267 ",3879
317056,24250443,SGOY,D,2024-06-25,CA,TE,200,8.1116,19.99,"$2,805 ","$1,193 ",3998
317060,23250728,WMOR,D,2024-06-25,CA,TE,115,357.013,776.92,"$59,157 ","$30,189 ",89346
317060,23250728,WMOR,D,2024-06-25,CA,TE,15,357.0127,776.92,"$7,716 ","$3,938 ",11654
317061,23250877,WMOR,D,2024-06-25,CA,TE,90,394.453,1149.03,"$77,309 ","$26,104 ",103413
24002215,24100343,FBER,B,2024-06-24,US,TR,432,10.2559,14.79,"$1,959 ","$4,431 ",6389
24002215,24100343,FBER,B,2024-06-24,US,TR,1,0,0,$0 ,$0 ,0
24002215,24100343,FBER,B,2024-06-24,US,TR,2088,10.2559,14.79,"$9,467 ","$21,414 ",30882
24002215,24100343,FBER,B,2024-06-24,US,TR,1,0,0,$0 ,$0 ,0
24002216,24100969,KTIE,B,2024-06-24,US,NW,1,198.21,1239.55,"$1,041 ",$198 ,1240
24002216,24100969,KTIE,B,2024-06-24,US,NW,1,0,0,$0 ,$0 ,0
24002217,24101534,MWIS,B,2024-06-24,US,OL,24,5.7838,23.52,$426 ,$139 ,564
24002217,24101534,MWIS,B,2024-06-24,US,OL,1,0,0,$96 ,$0 ,96
24002218,23103279,MWIS,B,2024-06-24,US,PI,144,29.3486,63.8,"$4,961 ","$4,226 ",9187
24002218,23103279,MWIS,B,2024-06-24,US,PI,1,0,0,$475 ,$0 ,475
24002219,23103416,DGAS,B,2024-06-24,US,PV,525,4.0881,4.63,$285 ,"$2,146 ",2431
24002219,23103416,DGAS,B,2024-06-24,US,PV,1,0,0,$0 ,$0 ,0
24002220,24100000,DGAS,B,2024-06-24,US,PV,75,7.6687,27.54,"$1,490 ",$575 ,2066
24002220,24100000,DGAS,B,2024-06-24,US,PV,1,0,0,$0 ,$0 ,0
24002221,24101079,SBEA,B,2024-06-24,US,TA,100,7.12,27.25,"$2,013 ",$712 ,2725
24002221,24101079,SBEA,B,2024-06-24,US,TA,1,0,0,$0 ,$0 ,0
24002222,24101313,MRHO,B,2024-06-24,US,PO,100,3.1502,19.88,"$1,673 ",$315 ,1988
24002222,24101313,MRHO,B,2024-06-24,US,PO,1,0,0,$44 ,$0 ,44
24002223,24101403,MWIS,B,2024-06-24,US,PO,100,6.0788,18.59,"$1,251 ",$608 ,1859
24002223,24101403,MWIS,B,2024-06-24,US,PO,1,0,0,$51 ,$0 ,51
24002224,24101521,DGAS,B,2024-06-24,US,PP,4,13.3725,41.68,$113 ,$53 ,167
24002224,24101521,DGAS,B,2024-06-24,US,PP,1,0,0,$24 ,$0 ,24
24002225,24101557,GXAV,B,2024-06-24,US,TR,25,119.9088,169.48,"$1,239 ","$2,998 ",4237
24401183,23201802,SBEA,T,2024-06-24,US,TA,30,14.6597,20.968,$138 ,$323 ,461
24401183,23201802,SBEA,T,2024-06-24,US,TA,60,14.6595,20.968,$275 ,$647 ,922
24401183,23201802,SBEA,T,2024-06-24,US,TA,160,14.6595,20.968,$735 ,"$1,725 ",2459
24401183,23201802,SBEA,T,2024-06-24,US,TA,34,27.0529,60.734,$837 ,$676 ,1514
24401183,23201802,SBEA,T,2024-06-24,US,TA,100,27.0529,60.734,"$2,463 ","$1,989 ",4452
24401183,23201802,SBEA,T,2024-06-24,US,TA,116,27.0529,60.734,"$2,857 ","$2,307 ",5164
24401184,24200479,SBEA,T,2024-06-24,US,TA,100,18.7544,30.135,$830 ,"$1,379 ",2209
24401184,24200479,SBEA,T,2024-06-24,US,TA,100,18.7544,30.135,$830 ,"$1,379 ",2209
24401184,24200479,SBEA,T,2024-06-24,US,TA,100,18.7544,30.135,$830 ,"$1,379 ",2209
24401184,24200479,SBEA,T,2024-06-24,US,TA,100,18.7544,30.135,$830 ,"$1,379 ",2209
24401184,24200479,SBEA,T,2024-06-24,US,TA,100,18.7544,30.135,$830 ,"$1,379 ",2209
24401185,24200536,SBEA,T,2024-06-24,US,TA,182,1.4139,18.144,"$2,231 ",$189 ,2421
24401185,24200536,SBEA,T,2024-06-24,US,TA,18,1.4139,18.144,$221 ,$19 ,239
24401186,24200728,AMIN,T,2024-06-24,CA,PM,6,9.0983,75.09,$410 ,$40 ,451
24401187,24200801,SGOY,T,2024-06-24,CA,OL,1000,2.3808,7.21,"$5,459 ","$1,751 ",7210
24401188,24200930,AMIN,T,2024-06-24,CA,PM,30,14.0633,54.62,"$1,328 ",$310 ,1639
24401189,24200953,SGOY,T,2024-06-24,CA,NH,20,13.337,54.4,$892 ,$196 ,1088
24401190,24200954,SGOY,T,2024-06-24,CA,PO,20,38.7475,137.08,"$2,172 ",$570 ,2742
24401191,24200971,SGOY,T,2024-06-24,CA,NH,20,17.2385,125.69,"$2,260 ",$254 ,2514
24002198,23102048,DGAS,B,2024-06-21,US,NM,930,16.0665,20.98,"$4,570 ","$14,942 ",19511
24002199,24100343,FBER,B,2024-06-21,US,TR,864,10.2559,14.79,"$3,917 ","$8,861 ",12779
24002200,24100649,MWIS,B,2024-06-21,US,PS,600,4.761,9.87,"$3,065 ","$2,857 ",5922
24002200,24100649,MWIS,B,2024-06-21,US,PS,1,0,0,$0 ,$0 ,0
24002201,24101356,DGAS,B,2024-06-21,US,OM,8,8.82,41.21,$259 ,$71 ,330
24002201,24101356,DGAS,B,2024-06-21,US,OM,1,0,0,$0 ,$0 ,0
24002202,24101677,MWIS,B,2024-06-21,US,OL,1,296,1624,"$1,328 ",$296 ,1624
24002202,24101677,MWIS,B,2024-06-21,US,OL,1,0,0,$40 ,$0 ,40
24002203,23103190,MRHO,B,2024-06-21,US,PO,100,7.8747,8.66,$79 ,$787 ,866
24002203,23103190,MRHO,B,2024-06-21,US,PO,1,0,0,$0 ,$0 ,0
24002204,24100317,DGAS,B,2024-06-21,US,PV,150,4.7486,8.06,$497 ,$712 ,1209
24002204,24100317,DGAS,B,2024-06-21,US,PV,1,0,0,$0 ,$0 ,0
24002205,24100639,KTIE,B,2024-06-21,US,NW,100,37.7111,46,$829 ,"$3,771 ",4600
24002206,24100645,BHOU,B,2024-06-21,US,TC,100,1.656,4.67,$301 ,$166 ,467
24002207,24101102,MRHO,B,2024-06-21,US,PI,24,17.3383,41.6,$582 ,$416 ,998
24002207,24101102,MRHO,B,2024-06-21,US,PI,1,0,0,$0 ,$0 ,0
24002208,24101238,GXAV,B,2024-06-21,US,TR,24,3.4683,10.26,$163 ,$83 ,246
24002208,24101238,GXAV,B,2024-06-21,US,TR,1,0,0,$0 ,$0 ,0
24002209,24101391,BHOU,B,2024-06-21,US,TC,500,1.656,4.67,"$1,507 ",$828 ,2335
24002210,24101395,BHOU,B,2024-06-21,US,TC,10000,1.472,2.34,"$8,680 ","$14,720 ",23400
24002211,24101480,MRHO,B,2024-06-21,US,TR,40,11.7808,18.41,$265 ,$471 ,736
24002211,24101480,MRHO,B,2024-06-21,US,TR,1,0,0,$0 ,$0 ,0
24002212,24101533,MWIS,B,2024-06-21,US,OL,40,5.053,14.34,$371 ,$202 ,574
24002212,24101533,MWIS,B,2024-06-21,US,OL,1,0,0,$0 ,$0 ,0
24002213,24101675,GXAV,B,2024-06-21,US,TE,200,1.9318,13.92,"$2,398 ",$386 ,2784
24002213,24101675,GXAV,B,2024-06-21,US,TE,1,0,0,$0 ,$0 ,0
24002214,24101678,DGAS,B,2024-06-21,US,TR,50,10.7296,19.94,$461 ,$536 ,997
24401172,23201717,SBEA,T,2024-06-21,US,TA,50,40.0462,100.228,"$2,201 ","$1,472 ",3674
24401173,24200481,SBEA,T,2024-06-21,US,TA,70,26.5799,55.427,"$1,476 ","$1,368 ",2844
24401174,24200769,SBEA,T,2024-06-21,US,TA,5,18.9,36.779,$65 ,$69 ,135
24401174,24200769,SBEA,T,2024-06-21,US,TA,100,18.8991,36.779,"$1,306 ","$1,390 ",2696
24401174,24200769,SBEA,T,2024-06-21,US,TA,100,18.8991,36.779,"$1,306 ","$1,390 ",2696
24401174,24200769,SBEA,T,2024-06-21,US,TA,102,18.8991,36.779,"$1,332 ","$1,417 ",2750
24401174,24200769,SBEA,T,2024-06-21,US,TA,108,18.8991,36.779,"$1,411 ","$1,501 ",2912
24401175,24200514,SGOY,T,2024-06-21,CA,PO,1,1253.7,2388.34,"$1,467 ",$922 ,2388
24401176,24200886,SGOY,T,2024-06-21,CA,TE,53,6.9134,15.54,$554 ,$269 ,824
24401177,24200887,SGOY,T,2024-06-21,US,TE,50,6.9134,15.54,$523 ,$254 ,777
24401178,24200916,SGOY,T,2024-06-21,CA,PO,45,39.0131,105.18,"$3,442 ","$1,291 ",4733
24401179,24200917,SGOY,T,2024-06-21,CA,PO,8,10.26,76,$548 ,$60 ,608
24401180,24200929,AMIN,T,2024-06-21,CA,PO,8,10.8175,36.604,$229 ,$64 ,293
24401181,24200942,SGOY,T,2024-06-21,CA,PO,4,5.6925,41.54,$149 ,$17 ,166
24401182,24200974,AMIN,T,2024-06-21,CA,PO,1,173.24,412.94,$286 ,$127 ,413
317051,23250730,WMOR,D,2024-06-21,CA,TE,100,357.013,776.92,"$51,441 ","$26,251 ",77692
24002185,24101065,GXAV,B,2024-06-20,US,TR,50,22.0844,149.38,"$6,365 ","$1,104 ",7469
24002185,24101065,GXAV,B,2024-06-20,US,TR,50,0,0,$0 ,$0 ,0
24002185,24101065,GXAV,B,2024-06-20,US,TR,50,0,0,$0 ,$0 ,0
24002185,24101065,GXAV,B,2024-06-20,US,TR,1,0,0,$0 ,$0 ,0
24002186,24100256,SBEA,B,2024-06-20,US,TA,12,4.8592,113.6,"$1,305 ",$58 ,1363
24002186,24100256,SBEA,B,2024-06-20,US,TA,1,0,0,$0 ,$0 ,0
24002187,24101562,OGAL,B,2024-06-20,US,NH,8,30.2525,102.27,$576 ,$242 ,818
24002187,24101562,OGAL,B,2024-06-20,US,NH,1,0,0,$41 ,$0 ,41
24002188,23103423,MRHO,B,2024-06-20,US,PO,100,20.013,21.56,$155 ,"$2,001 ",2156
24002188,23103423,MRHO,B,2024-06-20,US,PO,1,0,0,$0 ,$0 ,0
24002189,24100089,SBEA,B,2024-06-20,US,TA,800,3.8228,14.1,"$8,222 ","$3,058 ",11280
24002189,24100089,SBEA,B,2024-06-20,US,TA,1,0,0,$0 ,$0 ,0
24002190,24100636,KTIE,B,2024-06-20,US,NW,200,28.8691,72.49,"$8,724 ","$5,774 ",14498
24002191,24100637,KTIE,B,2024-06-20,US,NW,200,12.4448,34.88,"$4,487 ","$2,489 ",6976
24002192,24100733,KTIE,B,2024-06-20,US,NW,12,13.25,27.4,$170 ,$159 ,329
24002192,24100733,KTIE,B,2024-06-20,US,NW,1,0,0,$20 ,$0 ,20
24002193,24100850,MWIS,B,2024-06-20,US,PO,1,755.7,1903,"$1,147 ",$756 ,1903
24002193,24100850,MWIS,B,2024-06-20,US,PO,1,889,1870,$981 ,$889 ,1870
24002193,24100850,MWIS,B,2024-06-20,US,PO,1,0,18.16,$18 ,$0 ,18
24002194,24100924,MRHO,B,2024-06-20,US,PS,150,3.6204,6.32,$405 ,$543 ,948
24002194,24100924,MRHO,B,2024-06-20,US,PS,100,5.8059,5.2,($61),$581 ,520
24002194,24100924,MRHO,B,2024-06-20,US,PS,1,0,0,$0 ,$0 ,0
24002195,24101259,DGAS,B,2024-06-20,US,PV,24,2.4554,9.1,$159 ,$59 ,218
24002195,24101259,DGAS,B,2024-06-20,US,PV,1,0,0,$0 ,$0 ,0
24002196,24101522,DGAS,B,2024-06-20,US,PP,4,4.06,37.5,$134 ,$16 ,150
24002196,24101522,DGAS,B,2024-06-20,US,PP,1,0,0,$24 ,$0 ,24
24002197,24101679,GXAV,B,2024-06-20,US,TR,2,106.18,193.63,$175 ,$212 ,387
24002197,24101679,GXAV,B,2024-06-20,US,TR,1,0,0,$0 ,$0 ,0
24401163,24200116,THOU,T,2024-06-20,US,IC,20,6.526,57.242,$743 ,$96 ,839
24401164,24200326,SBEA,T,2024-06-20,US,TA,4,19.775,42.795,$67 ,$58 ,125
24401164,24200326,SBEA,T,2024-06-20,US,TA,100,19.7748,42.795,"$1,683 ","$1,454 ",3137
24401164,24200326,SBEA,T,2024-06-20,US,TA,100,19.7748,42.795,"$1,683 ","$1,454 ",3137
24401164,24200326,SBEA,T,2024-06-20,US,TA,100,19.7748,42.795,"$1,683 ","$1,454 ",3137
24401164,24200326,SBEA,T,2024-06-20,US,TA,100,19.7748,42.795,"$1,683 ","$1,454 ",3137
24401164,24200326,SBEA,T,2024-06-20,US,TA,100,19.7748,42.795,"$1,683 ","$1,454 ",3137
24401164,24200326,SBEA,T,2024-06-20,US,TA,100,19.7748,42.795,"$1,683 ","$1,454 ",3137
24401164,24200326,SBEA,T,2024-06-20,US,TA,100,19.7748,42.795,"$1,683 ","$1,454 ",3137
24401164,24200326,SBEA,T,2024-06-20,US,TA,100,19.7748,42.795,"$1,683 ","$1,454 ",3137
24401164,24200326,SBEA,T,2024-06-20,US,TA,100,19.7748,42.795,"$1,683 ","$1,454 ",3137
24401164,24200326,SBEA,T,2024-06-20,US,TA,96,19.7748,42.795,"$1,616 ","$1,396 ",3012
24401165,24200682,SGOY,T,2024-06-20,CA,TE,150,4.7187,7.17,$555 ,$520 ,1076
24401166,24200944,OGAL,T,2024-06-20,CA,PO,60,8.1623,28.65,"$1,359 ",$360 ,1719
24401167,24200945,SGOY,T,2024-06-20,CA,PM,16,12.8594,98.66,"$1,427 ",$151 ,1579
24401168,24200948,SGOY,T,2024-06-20,CA,PO,7,34.7214,175.09,"$1,047 ",$179 ,1226
24401169,24200949,SGOY,T,2024-06-20,CA,PM,50,12.3306,45.98,"$1,846 ",$453 ,2299
24401170,24200955,AMIN,T,2024-06-20,CA,PO,8,13.22,83.32,$589 ,$78 ,667
24401171,24200969,AMIN,T,2024-06-20,CA,TP,4,4.275,37.5,$137 ,$13 ,150
317047,24250215,MRHO,D,2024-06-20,US,PI,2,314.83,1529.882,"$1,780 ",$463 ,2243
317048,24250237,JAKI,D,2024-06-20,CA,NW,10,134.415,272.3,"$1,735 ",$988 ,2723
317048,24250237,JAKI,D,2024-06-20,CA,NW,10,103.434,210.4,"$1,343 ",$761 ,2104
317049,24250249,SGOY,D,2024-06-20,CA,TP,4,193.5375,1260,"$4,471 ",$569 ,5040
317049,24250249,SGOY,D,2024-06-20,CA,TP,8,12.7738,362.08,"$2,822 ",$75 ,2897
317052,24250374,JAKI,D,2024-06-20,CA,NH,4,92.7,312.184,$643 ,$273 ,915
317052,24250374,JAKI,D,2024-06-20,CA,NH,4,98.3225,558.954,"$1,350 ",$289 ,1639
24002178,24100424,DGAS,B,2024-06-19,US,PV,250,25.3408,20.77,"($1,143)","$6,335 ",5193
24002178,24100424,DGAS,B,2024-06-19,US,PV,1,0,0,$0 ,$0 ,0
24002179,24101566,MWIS,B,2024-06-19,US,TP,8,46.675,119.82,$585 ,$373 ,959
24002179,24101566,MWIS,B,2024-06-19,US,TP,1,0,0,$30 ,$0 ,30
24002180,23102917,GXAV,B,2024-06-19,US,TE,2479,7.1879,8.54,"$3,352 ","$17,819 ",21171
24002181,24101438,MWIS,B,2024-06-19,US,OL,80,11.0991,23.7,"$1,008 ",$888 ,1896
24002182,24101473,SGOY,B,2024-06-19,CA,TR,48,12.6285,16.14,$169 ,$606 ,775
24002182,24101473,SGOY,B,2024-06-19,CA,TR,60,10.6477,13.07,$145 ,$639 ,784
24002183,24101637,DGAS,B,2024-06-19,US,PP,36,8.5894,20.38,$424 ,$309 ,734
24002183,24101637,DGAS,B,2024-06-19,US,PP,1,0,150,$150 ,$0 ,150
24002183,24101637,DGAS,B,2024-06-19,US,PP,1,0,0,$0 ,$0 ,0
24401155,23201826,SBEA,T,2024-06-19,US,TA,49,20.5714,19.003,($59),$741 ,683
24401155,23201826,SBEA,T,2024-06-19,US,TA,106,20.5715,19.003,($127),"$1,603 ",1477
24401155,23201826,SBEA,T,2024-06-19,US,TA,105,20.5715,19.003,($126),"$1,588 ",1463
24401155,23201826,SBEA,T,2024-06-19,US,TA,106,20.5715,19.003,($127),"$1,603 ",1477
24401155,23201826,SBEA,T,2024-06-19,US,TA,108,20.5715,19.003,($129),"$1,634 ",1504
24401155,23201826,SBEA,T,2024-06-19,US,TA,106,20.5715,19.003,($127),"$1,603 ",1477
24401155,23201826,SBEA,T,2024-06-19,US,TA,106,20.5715,19.003,($127),"$1,603 ",1477
24401155,23201826,SBEA,T,2024-06-19,US,TA,100,20.5715,19.003,($120),"$1,513 ",1393
24401155,23201826,SBEA,T,2024-06-19,US,TA,103,20.5715,19.003,($123),"$1,558 ",1435
24401155,23201826,SBEA,T,2024-06-19,US,TA,111,20.5715,19.003,($133),"$1,679 ",1546
24401155,23201826,SBEA,T,2024-06-19,US,TA,115,20.5715,19.003,($138),"$1,740 ",1602
24401155,23201826,SBEA,T,2024-06-19,US,TA,115,20.5715,19.003,($138),"$1,740 ",1602
24401155,23201826,SBEA,T,2024-06-19,US,TA,120,20.5715,19.003,($144),"$1,815 ",1672
24401155,23201826,SBEA,T,2024-06-19,US,TA,122,20.5715,19.003,($146),"$1,845 ",1699
24401155,23201826,SBEA,T,2024-06-19,US,TA,54,20.5715,19.003,($65),$817 ,752
24401155,23201826,SBEA,T,2024-06-19,US,TA,71,20.5715,19.003,($85),"$1,074 ",989
24401155,23201826,SBEA,T,2024-06-19,US,TA,115,20.5715,19.003,($138),"$1,740 ",1602
24401155,23201826,SBEA,T,2024-06-19,US,TA,111,20.5715,19.003,($133),"$1,679 ",1546
24401155,23201826,SBEA,T,2024-06-19,US,TA,110,20.5715,19.003,($132),"$1,664 ",1532
24401155,23201826,SBEA,T,2024-06-19,US,TA,67,20.5715,19.003,($80),"$1,013 ",933
24401156,24200237,SBEA,T,2024-06-19,US,TA,10,2.157,5.552,$25 ,$16 ,41
24401156,24200237,SBEA,T,2024-06-19,US,TA,30,2.1567,5.552,$75 ,$48 ,122
24401156,24200237,SBEA,T,2024-06-19,US,TA,860,2.1566,5.552,"$2,136 ","$1,364 ",3500
24401156,24200237,SBEA,T,2024-06-19,US,TA,900,2.1566,5.552,"$2,236 ","$1,427 ",3663
24401157,24200933,JAKI,T,2024-06-19,CA,NW,48,10.9008,65.2,"$2,745 ",$385 ,3130
24401158,24200934,SGOY,T,2024-06-19,CA,PO,10,5.889,47.82,$435 ,$43 ,478
24401158,24200934,SGOY,T,2024-06-19,CA,PO,10,4.926,42.72,$391 ,$36 ,427
24401158,24200934,SGOY,T,2024-06-19,CA,PO,10,4.696,42.72,$393 ,$35 ,427
24401159,24200936,SGOY,T,2024-06-19,CA,PO,6,7.5817,51.46,$275 ,$33 ,309
24401160,24200937,SGOY,T,2024-06-19,CA,PO,6,7.5617,61.6,$336 ,$33 ,370
24401161,24200939,MRHO,T,2024-06-19,CA,PP,10,13.376,98.9,$891 ,$98 ,989
24401162,24200940,SGOY,T,2024-06-19,CA,PO,4,8.32,70.72,$258 ,$24 ,283
24401162,24200940,SGOY,T,2024-06-19,CA,PO,12,19.57,154.8,"$1,685 ",$173 ,1858
317045,23250899,MRHO,D,2024-06-19,US,PO,12,86.0025,140.39,$476 ,$759 ,1235
317045,23250899,MRHO,D,2024-06-19,US,PO,12,87.455,133.514,$403 ,$772 ,1174
317046,24250380,WMOR,D,2024-06-19,CA,TE,250,3.864,0,($710),$710 ,0
317050,24250449,AMIN,D,2024-06-19,CA,TR,25,204.48,355.1,"$5,119 ","$3,759 ",8878
317053,23250139,SBEA,D,2024-06-19,UK,TA,116,43.8998,74.69,"$2,607 ","$3,744 ",6351
317071,23250631,SBEA,D,2024-06-19,UK,TA,34,43.8997,74.69,$764 ,"$1,097 ",1862
317073,23250714,SBEA,D,2024-06-19,UK,TA,50,58.3882,115.78,"$2,097 ","$2,147 ",4244
24002159,24101145,SGOY,B,2024-06-18,CA,TR,200,7.6712,17.54,"$1,974 ","$1,534 ",3508
24002160,24101358,OGAL,B,2024-06-18,US,PO,1,0,980,$980 ,$0 ,980
24002160,24101358,OGAL,B,2024-06-18,US,PO,1,0,0,$0 ,$0 ,0
24002161,24101485,OGAL,B,2024-06-18,US,TR,60,7.2257,12.25,$301 ,$434 ,735
24002161,24101485,OGAL,B,2024-06-18,US,TR,1,0,0,$40 ,$0 ,40
24002162,24101507,DGAS,B,2024-06-18,US,TR,48,6.4069,8.26,$89 ,$308 ,396
24002162,24101507,DGAS,B,2024-06-18,US,TR,1,0,0,$30 ,$0 ,30
24002163,24100165,SBEA,B,2024-06-18,US,TA,110,20.7266,95.4,"$8,214 ","$2,280 ",10494
24002164,24100803,GXAV,B,2024-06-18,US,TE,100,13.5535,31.7,"$1,815 ","$1,355 ",3170
24002164,24100803,GXAV,B,2024-06-18,US,TE,1,0,0,$0 ,$0 ,0
24002165,24100809,GXAV,B,2024-06-18,US,TR,80,9.3773,20.65,$902 ,$750 ,1652
24002165,24100809,GXAV,B,2024-06-18,US,TR,1,0,0,$0 ,$0 ,0
24002166,24100859,DGAS,B,2024-06-18,US,PP,60,10.8683,12.51,$99 ,$652 ,751
24002166,24100859,DGAS,B,2024-06-18,US,PP,1,0,0,$33 ,$0 ,33
24002167,24101300,MRHO,B,2024-06-18,US,PS,150,1.4578,20.48,"$2,853 ",$219 ,3072
24002167,24101300,MRHO,B,2024-06-18,US,PS,1,0,0,$0 ,$0 ,0
24002168,24101364,MRHO,B,2024-06-18,US,PC,32,11.0397,31.05,$640 ,$353 ,994
24002168,24101364,MRHO,B,2024-06-18,US,PC,1,0,0,$0 ,$0 ,0
24002169,24101389,FBER,B,2024-06-18,US,PV,100,11.1768,25.57,"$1,439 ","$1,118 ",2557
24002169,24101389,FBER,B,2024-06-18,US,PV,1,0,0,$0 ,$0 ,0
24002170,24101402,DGAS,B,2024-06-18,US,PP,36,18.6703,32.23,$488 ,$672 ,1160
24002170,24101402,DGAS,B,2024-06-18,US,PP,1,0,0,$0 ,$0 ,0
24002171,24101407,MWIS,B,2024-06-18,US,OL,2,296,1141,"$1,690 ",$592 ,2282
24002171,24101407,MWIS,B,2024-06-18,US,OL,1,0,0,$52 ,$0 ,52
24002172,24101408,OGAL,B,2024-06-18,US,OL,10,296,1074,"$7,780 ","$2,960 ",10740
24002172,24101408,OGAL,B,2024-06-18,US,OL,1,0,0,$0 ,$0 ,0
24002173,24101511,DGAS,B,2024-06-18,US,PO,30,8.2483,26.21,$539 ,$247 ,786
24002173,24101511,DGAS,B,2024-06-18,US,PO,1,0,0,$0 ,$0 ,0
24002174,24101513,DGAS,B,2024-06-18,US,PP,53,14.894,35.56,"$1,095 ",$789 ,1885
24002174,24101513,DGAS,B,2024-06-18,US,PP,1,0,0,$0 ,$0 ,0
24002175,24101597,MWIS,B,2024-06-18,US,PO,1,530.2,1521,$991 ,$530 ,1521
24002175,24101597,MWIS,B,2024-06-18,US,PO,4,639.1,1473,"$3,336 ","$2,556 ",5892
24002175,24101597,MWIS,B,2024-06-18,US,PO,1,0,40.54,$41 ,$0 ,41
24002176,24101611,SBEA,B,2024-06-18,US,TA,20,5.4335,29.55,$482 ,$109 ,591
24002176,24101611,SBEA,B,2024-06-18,US,TA,1,0,0,$0 ,$0 ,0
24002177,24101665,BHOU,B,2024-06-18,CA,IC,10,28.123,68.24,$401 ,$281 ,682
24401153,24200976,THOU,T,2024-06-18,US,IC,50,0.5294,0.668,$5 ,$19 ,25
24401154,24200925,SGOY,T,2024-06-18,CA,TO,32,14.1053,97.66,"$2,793 ",$332 ,3125
24401154,24200925,SGOY,T,2024-06-18,CA,TO,4,12.13,103.05,$377 ,$36 ,412
24401154,24200925,SGOY,T,2024-06-18,CA,TO,32,24.7881,125.25,"$3,425 ",$583 ,4008
24401154,24200925,SGOY,T,2024-06-18,CA,TO,6,18.83,187.06,"$1,039 ",$83 ,1122
317041,23250051,SBEA,D,2024-06-18,UK,TA,1,0,1364.2,"$1,000 ",$0 ,1000
317043,23250590,SBEA,D,2024-06-18,UK,TA,35,38.012,79.287,"$1,056 ",$978 ,2034
317057,23250051,SBEA,D,2024-06-18,UK,TA,32,38.0119,79.287,$965 ,$894 ,1860
317057,23250051,SBEA,D,2024-06-18,UK,TA,3,38.0133,79.287,$91 ,$84 ,174
317058,23250589,SBEA,D,2024-06-18,UK,TA,50,38.012,79.287,"$1,509 ","$1,398 ",2906
317059,23250590,SBEA,D,2024-06-18,UK,TA,50,38.012,79.287,"$1,509 ","$1,398 ",2906
24002140,24100343,FBER,B,2024-06-17,US,TR,1656,10.2559,14.79,"$7,508 ","$16,984 ",24492
24002140,24100343,FBER,B,2024-06-17,US,TR,1,0,0,$0 ,$0 ,0
24002141,24101091,GXAV,B,2024-06-17,US,TR,1,2120.73,3555,"$1,434 ","$2,121 ",3555
24002142,24101440,KTIE,B,2024-06-17,US,NW,1,198.21,1239.55,"$1,041 ",$198 ,1240
24002142,24101440,KTIE,B,2024-06-17,US,NW,1,0,0,$0 ,$0 ,0
24002143,24101237,FBER,B,2024-06-17,US,TR,30,10.062,8.86,($36),$302 ,266
24002143,24101237,FBER,B,2024-06-17,US,TR,1,0,0,$0 ,$0 ,0
24002144,24101500,MRHO,B,2024-06-17,US,PR,10,7.45,39.2,$318 ,$75 ,392
24002144,24101500,MRHO,B,2024-06-17,US,PR,1,0,0,$0 ,$0 ,0
24002145,24101505,MWIS,B,2024-06-17,US,PS,35,4.3874,18.01,$477 ,$154 ,630
24002145,24101505,MWIS,B,2024-06-17,US,PS,1,0,0,$0 ,$0 ,0
24002146,23103241,DGAS,B,2024-06-17,US,PV,525,4.2398,12.78,"$4,484 ","$2,226 ",6710
24002146,23103241,DGAS,B,2024-06-17,US,PV,1,0,0,$0 ,$0 ,0
24002147,24100062,BHOU,B,2024-06-17,US,TC,6075,1.9737,1.74,"($1,420)","$11,990 ",10571
24002148,24100204,MWIS,B,2024-06-17,US,PS,250,1.0491,11.23,"$2,545 ",$262 ,2808
24002148,24100204,MWIS,B,2024-06-17,US,PS,1,0,16.63,$17 ,$0 ,17
24002149,24100350,GXAV,B,2024-06-17,US,TE,900,18.8069,23.44,"$4,170 ","$16,926 ",21096
24002150,24101196,FBER,B,2024-06-17,US,TR,24,10.0621,9.5,($13),$241 ,228
24002150,24101196,FBER,B,2024-06-17,US,TR,60,10.8683,14.66,$228 ,$652 ,880
24002150,24101196,FBER,B,2024-06-17,US,TR,1,0,0,$0 ,$0 ,0
24002151,24101255,DGAS,B,2024-06-17,US,TE,90,4.8233,8.9,$367 ,$434 ,801
24002151,24101255,DGAS,B,2024-06-17,US,TE,1,0,0,$0 ,$0 ,0
24002152,24101309,MWIS,B,2024-06-17,US,PV,50,4.6618,8.92,$213 ,$233 ,446
24002152,24101309,MWIS,B,2024-06-17,US,PV,24,1.6879,9,$175 ,$41 ,216
24002152,24101309,MWIS,B,2024-06-17,US,PV,1,0,0,$0 ,$0 ,0
24002153,24101401,DGAS,B,2024-06-17,US,NM,1,0,866,$866 ,$0 ,866
24002153,24101401,DGAS,B,2024-06-17,US,NM,1,0,0,$33 ,$0 ,33
24002154,24101419,MRHO,B,2024-06-17,US,PO,1,0,962,$962 ,$0 ,962
24002154,24101419,MRHO,B,2024-06-17,US,PO,1,0,0,$0 ,$0 ,0
24002155,24101528,MWIS,B,2024-06-17,US,OL,30,1.5227,5.61,$123 ,$46 ,168
24002155,24101528,MWIS,B,2024-06-17,US,OL,1,0,0,$23 ,$0 ,23
24002156,24101593,BHOU,B,2024-06-17,CA,IC,11,16.6555,23.98,$81 ,$183 ,264
24002156,24101593,BHOU,B,2024-06-17,CA,IC,40,46.4835,64.24,$710 ,"$1,859 ",2570
24002156,24101593,BHOU,B,2024-06-17,CA,IC,20,62.869,85.03,$443 ,"$1,257 ",1701
24002156,24101593,BHOU,B,2024-06-17,CA,IC,3000,0.1304,0.19,$179 ,$391 ,570
24002156,24101593,BHOU,B,2024-06-17,CA,IC,38.45,4.6801,6.45,$68 ,$180 ,248
24002157,24101633,KTIE,B,2024-06-17,US,NW,10,279.256,479,"$1,997 ","$2,793 ",4790
24002158,24101634,KTIE,B,2024-06-17,US,NW,20,300.918,420,"$2,382 ","$6,018 ",8400
24401147,24200435,SBEA,T,2024-06-17,US,TA,100,51.218,101.169,"$3,650 ","$3,766 ",7416
24401147,24200435,SBEA,T,2024-06-17,US,TA,100,51.218,101.169,"$3,650 ","$3,766 ",7416
24401147,24200435,SBEA,T,2024-06-17,US,TA,100,51.218,101.169,"$3,650 ","$3,766 ",7416
24401147,24200435,SBEA,T,2024-06-17,US,TA,100,51.218,101.169,"$3,650 ","$3,766 ",7416
24401147,24200435,SBEA,T,2024-06-17,US,TA,100,51.218,101.169,"$3,650 ","$3,766 ",7416
24401148,24200539,SBEA,T,2024-06-17,US,TA,89,4.6149,51.444,"$3,054 ",$302 ,3356
24401148,24200539,SBEA,T,2024-06-17,US,TA,11,4.6145,51.444,$377 ,$37 ,415
24401149,24200866,THOU,T,2024-06-17,US,IC,32,27.355,5.552,($513),$644 ,130
24401150,24200696,SGOY,T,2024-06-17,CA,PM,32,18.9563,90.95,"$2,464 ",$446 ,2910
24401151,24200810,AMIN,T,2024-06-17,CA,PV,120,5.125,11.31,$905 ,$452 ,1357
24401152,24200890,SGOY,T,2024-06-17,CA,PO,1,136.98,250.41,$150 ,$101 ,250
317041,23250051,SBEA,D,2024-06-17,UK,TA,120,38.0119,79.287,"$3,620 ","$3,354 ",6974
317044,24250187,KTIE,D,2024-06-17,CA,NW,1,13850.43,25262.256,"$8,334 ","$10,184 ",18518
317045,23250899,MRHO,D,2024-06-17,US,PO,12,87.1983,141.945,$479 ,$769 ,1249
24002122,24100343,FBER,B,2024-06-14,US,TR,864,10.2559,14.79,"$3,917 ","$8,861 ",12779
24002122,24100343,FBER,B,2024-06-14,US,TR,1,0,0,$0 ,$0 ,0
24002123,24101615,BHOU,B,2024-06-14,US,IC,1,8.5,0,($9),$9 ,0
24002123,24101615,BHOU,B,2024-06-14,US,IC,4,12.1,0,($48),$48 ,0
24002123,24101615,BHOU,B,2024-06-14,US,IC,4,8.79,0,($35),$35 ,0
24002123,24101615,BHOU,B,2024-06-14,US,IC,1,0,0,$0 ,$0 ,0
24002124,23103183,MRHO,B,2024-06-14,US,PO,100,7.7457,7.92,$17 ,$775 ,792
24002124,23103183,MRHO,B,2024-06-14,US,PO,1,0,0,$0 ,$0 ,0
24002125,23103239,DGAS,B,2024-06-14,US,PV,300,1.472,5.12,"$1,094 ",$442 ,1536
24002125,23103239,DGAS,B,2024-06-14,US,PV,1,0,0,$0 ,$0 ,0
24002126,23103404,MRHO,B,2024-06-14,US,PO,80,13.3109,13.74,$34 ,"$1,065 ",1099
24002126,23103404,MRHO,B,2024-06-14,US,PO,1,0,0,$0 ,$0 ,0
24002127,24100016,MWIS,B,2024-06-14,US,PO,200,13.3756,25.16,"$2,357 ","$2,675 ",5032
24002128,24100148,DGAS,B,2024-06-14,US,PV,75,3.9608,5.88,$144 ,$297 ,441
24002128,24100148,DGAS,B,2024-06-14,US,PV,1,0,0,$0 ,$0 ,0
24002129,24100181,DGAS,B,2024-06-14,US,PV,25,5.2176,9.08,$97 ,$130 ,227
24002129,24100181,DGAS,B,2024-06-14,US,PV,1,0,0,$0 ,$0 ,0
24002130,24100485,MWIS,B,2024-06-14,US,PO,232,10.0268,17.08,"$1,636 ","$2,326 ",3963
24002130,24100485,MWIS,B,2024-06-14,US,PO,1,0,0,$0 ,$0 ,0
24002131,24100707,MRHO,B,2024-06-14,US,PS,200,5.4464,4.83,($123),"$1,089 ",966
24002131,24100707,MRHO,B,2024-06-14,US,PS,1,0,0,$0 ,$0 ,0
24002132,24100725,MRHO,B,2024-06-14,US,PO,6,492.6917,988.94,"$2,977 ","$2,956 ",5934
24002132,24100725,MRHO,B,2024-06-14,US,PO,1,0,0,$244 ,$0 ,244
24002133,24100970,KTIE,B,2024-06-14,US,NW,200,13.4507,35.43,"$4,396 ","$2,690 ",7086
24002134,24100983,MWIS,B,2024-06-14,US,PO,12,81.6508,120.77,$469 ,$980 ,1449
24002134,24100983,MWIS,B,2024-06-14,US,PO,1,0,16.63,$17 ,$0 ,17
24002134,24100983,MWIS,B,2024-06-14,US,PO,12,0,0,$0 ,$0 ,0
24002134,24100983,MWIS,B,2024-06-14,US,PO,12,0,0,$0 ,$0 ,0
24002134,24100983,MWIS,B,2024-06-14,US,PO,0.996,0,0,$0 ,$0 ,0
24002135,24101225,MWIS,B,2024-06-14,US,PO,4,19.4525,54.11,$139 ,$78 ,216
24002135,24101225,MWIS,B,2024-06-14,US,PO,12,81.6508,120.77,$469 ,$980 ,1449
24002135,24101225,MWIS,B,2024-06-14,US,PO,1,0,16.63,$17 ,$0 ,17
24002135,24101225,MWIS,B,2024-06-14,US,PO,12,0,0,$0 ,$0 ,0
24002135,24101225,MWIS,B,2024-06-14,US,PO,12,0,0,$0 ,$0 ,0
24002135,24101225,MWIS,B,2024-06-14,US,PO,0.996,0,0,$0 ,$0 ,0
24002136,24101326,MRHO,B,2024-06-14,US,PS,50,6.0796,8.11,$102 ,$304 ,406
24002136,24101326,MRHO,B,2024-06-14,US,PS,1,0,0,$0 ,$0 ,0
24002137,24101450,DGAS,B,2024-06-14,US,PP,10,6.958,15,$80 ,$70 ,150
24002137,24101450,DGAS,B,2024-06-14,US,PP,1,0,0,$0 ,$0 ,0
24002138,24101626,BHOU,B,2024-06-14,CA,IC,2.875,49.9235,68.64,$54 ,$144 ,197
24002139,24101641,BHOU,B,2024-06-14,CA,IC,25,119.9088,149.89,$750 ,"$2,998 ",3747
24401136,23201391,SBEA,T,2024-06-14,US,TA,20,34.7715,106.721,"$1,053 ",$511 ,1565
24401136,23201391,SBEA,T,2024-06-14,US,TA,100,34.7713,106.721,"$5,266 ","$2,557 ",7823
24401136,23201391,SBEA,T,2024-06-14,US,TA,100,34.7713,106.721,"$5,266 ","$2,557 ",7823
24401136,23201391,SBEA,T,2024-06-14,US,TA,50,34.7714,106.721,"$2,633 ","$1,278 ",3912
24401137,23201687,SBEA,T,2024-06-14,US,TA,50,0.8472,7.612,$248 ,$31 ,279
24401137,23201687,SBEA,T,2024-06-14,US,TA,500,0.8472,7.612,"$2,479 ",$311 ,2790
24401138,24200690,SBEA,T,2024-06-14,US,TA,41,0.7602,17.462,$502 ,$23 ,525
24401138,24200690,SBEA,T,2024-06-14,US,TA,4,0.76,17.462,$49 ,$2 ,51
24401138,24200690,SBEA,T,2024-06-14,US,TA,5,0.76,17.462,$61 ,$3 ,64
24401139,24200606,AMIN,T,2024-06-14,CA,PM,50,16.3352,59.66,"$2,382 ",$601 ,2983
24401140,24200675,AMIN,T,2024-06-14,CA,PO,16,36.8375,129.14,"$1,633 ",$433 ,2066
24401141,24200688,SGOY,T,2024-06-14,CA,NH,30,12.7517,82.44,"$2,192 ",$281 ,2473
24401142,24200802,AMIN,T,2024-06-14,CA,PM,36,16.7814,88.02,"$2,725 ",$444 ,3169
24401143,24200825,AMIN,T,2024-06-14,CA,NM,4,63.9125,320.31,"$1,093 ",$188 ,1281
24401143,24200825,AMIN,T,2024-06-14,CA,NM,6,29.5533,196.77,"$1,050 ",$130 ,1181
24401143,24200825,AMIN,T,2024-06-14,CA,NM,6,48.0317,310.36,"$1,650 ",$212 ,1862
24401144,24200826,AMIN,T,2024-06-14,CA,NM,4,63.9125,320.31,"$1,093 ",$188 ,1281
24401144,24200826,AMIN,T,2024-06-14,CA,NM,6,29.5533,196.77,"$1,050 ",$130 ,1181
24401145,24200827,AMIN,T,2024-06-14,CA,NM,4,63.9125,320.31,"$1,093 ",$188 ,1281
24401145,24200827,AMIN,T,2024-06-14,CA,NM,6,29.5533,196.77,"$1,050 ",$130 ,1181
24401146,24200868,JAKI,T,2024-06-14,CA,NH,87,16.1093,57.04,"$3,932 ","$1,031 ",4962
317037,24250289,DHOU,D,2024-06-14,CO,IC,3,185.3267,693.45,"$1,116 ",$409 ,1525
317038,24250370,WMOR,D,2024-06-14,US,TE,1,353.52,470.649,$85 ,$260 ,345
317038,24250370,WMOR,D,2024-06-14,US,TE,1,353.52,470.649,$85 ,$260 ,345
317038,24250370,WMOR,D,2024-06-14,US,TE,1,353.52,470.649,$85 ,$260 ,345
317038,24250370,WMOR,D,2024-06-14,US,TE,1,353.52,470.649,$85 ,$260 ,345
317039,24250405,DHOU,D,2024-06-14,US,IC,50,13.8908,58.947,"$1,650 ",$511 ,2161
24002103,23101342,DGAS,B,2024-06-13,US,NM,1500,15.2539,20.35,"$7,644 ","$22,881 ",30525
24002104,24100343,FBER,B,2024-06-13,US,TR,1224,10.2559,14.79,"$5,550 ","$12,553 ",18103
24002105,24101413,FBER,B,2024-06-13,US,TR,50,4.1354,4.91,$39 ,$207 ,246
24002105,24101413,FBER,B,2024-06-13,US,TR,1,0,0,$0 ,$0 ,0
24002106,24100471,FBER,B,2024-06-13,US,PR,16,12.8925,53.81,$655 ,$206 ,861
24002106,24100471,FBER,B,2024-06-13,US,PR,1,0,0,$33 ,$0 ,33
24002107,24100542,SGOY,B,2024-06-13,CA,TR,450,7.6712,17.54,"$4,441 ","$3,452 ",7893
24002108,24101414,MRHO,B,2024-06-13,US,PS,100,8.8027,10.1,$130 ,$880 ,1010
24002108,24101414,MRHO,B,2024-06-13,US,PS,1,0,0,$0 ,$0 ,0
24002109,24101502,DGAS,B,2024-06-13,US,PO,24,27.5908,81.88,"$1,303 ",$662 ,1965
24002109,24101502,DGAS,B,2024-06-13,US,PO,1,0,0,$54 ,$0 ,54
24002110,24100307,KTIE,B,2024-06-13,US,NW,2,8148.145,8805,"$1,314 ","$16,296 ",17610
24002111,24100308,KTIE,B,2024-06-13,US,NW,2,8148.145,8805,"$1,314 ","$16,296 ",17610
24002112,24100371,BHOU,B,2024-06-13,US,TC,2000,2.4555,3.14,"$1,369 ","$4,911 ",6280
24002113,24100402,SBEA,B,2024-06-13,US,TA,300,1.176,269.12,"$80,383 ",$353 ,80736
24002113,24100402,SBEA,B,2024-06-13,US,TA,1,100,1000,$900 ,$100 ,1000
24002113,24100402,SBEA,B,2024-06-13,US,TA,1,0,0,$0 ,$0 ,0
24002114,24100485,MWIS,B,2024-06-13,US,PO,200,10.1646,16.02,"$1,171 ","$2,033 ",3204
24002114,24100485,MWIS,B,2024-06-13,US,PO,1,0,0,$0 ,$0 ,0
24002115,24100504,FBER,B,2024-06-13,US,PS,1000,14.4815,31.31,"$16,829 ","$14,482 ",31310
24002115,24100504,FBER,B,2024-06-13,US,PS,1,0,0,$478 ,$0 ,478
24002116,24100540,BHOU,B,2024-06-13,US,TC,2000,3.7215,3.19,"($1,063)","$7,443 ",6380
24002116,24100540,BHOU,B,2024-06-13,US,TC,1,0,0,$0 ,$0 ,0
24002117,24100781,KTIE,B,2024-06-13,US,NW,1200,18.1435,38.93,"$24,944 ","$21,772 ",46716
24002118,24100856,MWIS,B,2024-06-13,US,OL,1,924,2482,"$1,558 ",$924 ,2482
24002118,24100856,MWIS,B,2024-06-13,US,OL,1,0,0,$0 ,$0 ,0
24002119,24101206,MRHO,B,2024-06-13,US,PI,34,23.4832,41.6,$616 ,$798 ,1414
24002119,24101206,MRHO,B,2024-06-13,US,PI,1,0,0,$0 ,$0 ,0
24002120,24101349,MRHO,B,2024-06-13,US,PI,24,9.0458,25.48,$394 ,$217 ,612
24002120,24101349,MRHO,B,2024-06-13,US,PI,1,0,0,$0 ,$0 ,0
24002121,24101472,MWIS,B,2024-06-13,US,OL,48,5.6902,22.6,$812 ,$273 ,1085
24002121,24101472,MWIS,B,2024-06-13,US,OL,1,0,0,$0 ,$0 ,0
24401129,23201534,THOU,T,2024-06-13,US,IC,24,9.4692,31.772,$392 ,$167 ,559
24401129,23201534,THOU,T,2024-06-13,US,IC,26,9.4692,31.772,$425 ,$181 ,606
24401130,24200339,THOU,T,2024-06-13,US,IC,32,9.4691,33.682,$567 ,$223 ,790
24401130,24200339,THOU,T,2024-06-13,US,IC,18,9.4689,33.682,$319 ,$125 ,444
24401131,24200468,OGAL,T,2024-06-13,CA,PO,19,41.3647,76.79,$881 ,$578 ,1459
24401132,24200834,KTIE,T,2024-06-13,CA,NW,20,51.527,139.38,"$2,030 ",$758 ,2788
24401133,24200885,AMIN,T,2024-06-13,CA,PM,8,20.3238,94.1,$633 ,$120 ,753
24401134,24200902,OGAL,T,2024-06-13,CA,TE,75,22.1927,76.1,"$4,484 ","$1,224 ",5708
24401135,24200905,SGOY,T,2024-06-13,CA,PR,24,6.7238,36.67,$761 ,$119 ,880
317026,24250299,WMOR,D,2024-06-13,US,TE,512,1.719,21.554,"$7,442 ",$647 ,8090
317027,24250387,SGOY,D,2024-06-13,CA,PP,10,37.809,124.56,$968 ,$278 ,1246
317028,24250392,JAKI,D,2024-06-13,CA,NW,2,74.06,192.3,$276 ,$109 ,385
317028,24250392,JAKI,D,2024-06-13,CA,NW,1,247.14,812.7,$631 ,$182 ,813
317029,24250435,MRHO,D,2024-06-13,US,PO,36,10.9494,51.703,"$1,075 ",$290 ,1364
317030,24250436,MRHO,D,2024-06-13,US,PO,24,9.4208,44.855,$623 ,$166 ,789
317031,24250437,MRHO,D,2024-06-13,US,PO,24,10.6408,38.825,$495 ,$188 ,683
317033,23250728,WMOR,D,2024-06-13,CA,TE,18,357.0128,776.92,"$9,259 ","$4,725 ",13985
317033,23250728,WMOR,D,2024-06-13,CA,TE,119,357.013,776.92,"$61,215 ","$31,239 ",92453
317034,23250729,WMOR,D,2024-06-13,CA,TE,100,357.013,776.92,"$51,441 ","$26,251 ",77692
317035,23250877,WMOR,D,2024-06-13,CA,TE,165,394.453,1149.03,"$141,734 ","$47,856 ",189590
317036,24250133,WMOR,D,2024-06-13,CA,TE,56,29.1361,88,"$3,728 ","$1,200 ",4928
24002084,24100343,FBER,B,2024-06-12,US,TR,504,10.2559,14.79,"$2,285 ","$5,169 ",7454
24002084,24100343,FBER,B,2024-06-12,US,TR,1,0,0,$0 ,$0 ,0
24002085,24100514,FBER,B,2024-06-12,US,NO,360,6.8956,17.77,"$3,915 ","$2,482 ",6397
24002086,24101112,DGAS,B,2024-06-12,US,PO,24,8.2008,30.23,$529 ,$197 ,726
24002086,24101112,DGAS,B,2024-06-12,US,PO,1,0,0,$31 ,$0 ,31
24002087,24101483,FBER,B,2024-06-12,US,PO,8,2.9388,30.42,$220 ,$24 ,243
24002087,24101483,FBER,B,2024-06-12,US,PO,1,0,0,$99 ,$0 ,99
24002088,24101578,MRHO,B,2024-06-12,US,PM,10,0.197,15,$148 ,$2 ,150
24002088,24101578,MRHO,B,2024-06-12,US,PM,1,0,0,$24 ,$0 ,24
24002089,24100263,BHOU,B,2024-06-12,PE,NM,300,5.3495,8.65,$990 ,"$1,605 ",2595
24002090,24100413,MRHO,B,2024-06-12,US,TR,240,9.3597,22.88,"$3,245 ","$2,246 ",5491
24002091,24100529,DGAS,B,2024-06-12,US,PV,200,3.5728,4.72,$229 ,$715 ,944
24002091,24100529,DGAS,B,2024-06-12,US,PV,1,0,0,$0 ,$0 ,0
24002092,24100961,DGAS,B,2024-06-12,US,PS,8000,1.6146,2.51,"$7,163 ","$12,917 ",20080
24002093,24101073,MRHO,B,2024-06-12,US,PI,24,11.2413,28.21,$407 ,$270 ,677
24002093,24101073,MRHO,B,2024-06-12,US,PI,1,0,0,$0 ,$0 ,0
24002094,24101203,BHOU,B,2024-06-12,PE,NM,200,9.6888,16.77,"$1,416 ","$1,938 ",3354
24002094,24101203,BHOU,B,2024-06-12,PE,NM,250,7.6712,15.48,"$1,952 ","$1,918 ",3870
24002095,24101334,MWIS,B,2024-06-12,US,PI,200,2.8302,4.4,$314 ,$566 ,880
24002095,24101334,MWIS,B,2024-06-12,US,PI,1,0,0,$30 ,$0 ,30
24002096,24101361,OGAL,B,2024-06-12,US,NH,80,3.9788,15.5,$922 ,$318 ,1240
24002096,24101361,OGAL,B,2024-06-12,US,NH,1,0,0,$42 ,$0 ,42
24002097,24101373,GXAV,B,2024-06-12,US,TR,50,11.3492,18.36,$351 ,$567 ,918
24002097,24101373,GXAV,B,2024-06-12,US,TR,1,0,0,$0 ,$0 ,0
24002098,24101382,MRHO,B,2024-06-12,US,TR,72,10.8683,15.65,$344 ,$783 ,1127
24002098,24101382,MRHO,B,2024-06-12,US,TR,1,0,0,$0 ,$0 ,0
24002099,24101467,MWIS,B,2024-06-12,US,OL,200,5.5723,11.23,"$1,132 ","$1,114 ",2246
24002099,24101467,MWIS,B,2024-06-12,US,OL,1,0,0,$109 ,$0 ,109
24002100,24101478,MRHO,B,2024-06-12,US,PI,36,17.3386,41.6,$873 ,$624 ,1498
24002100,24101478,MRHO,B,2024-06-12,US,PI,1,0,0,$0 ,$0 ,0
24002101,24101486,DGAS,B,2024-06-12,US,PP,36,14.8939,35.56,$744 ,$536 ,1280
24002101,24101486,DGAS,B,2024-06-12,US,PP,1,0,0,$0 ,$0 ,0
24002102,24101509,MWIS,B,2024-06-12,US,PO,10,14.462,38.58,$241 ,$145 ,386
24002102,24101509,MWIS,B,2024-06-12,US,PO,1,0,16.63,$17 ,$0 ,17
24401116,23201393,SBEA,T,2024-06-12,US,TA,250,1.305,10.327,"$1,653 ",$240 ,1893
24401117,23201467,SBEA,T,2024-06-12,US,TA,50,21.644,45.823,$597 ,"$1,082 ",1680
24401118,24200221,SBEA,T,2024-06-12,US,TA,104,2.4596,37.134,"$2,643 ",$188 ,2831
24401118,24200221,SBEA,T,2024-06-12,US,TA,46,2.4596,37.134,"$1,169 ",$83 ,1252
24401119,24200227,SBEA,T,2024-06-12,US,TA,600,8.9066,40.599,"$13,927 ","$3,929 ",17856
24401120,24200865,THOU,T,2024-06-12,US,IC,545,1.2586,4.229,"$1,185 ",$504 ,1690
24401121,24200878,GXAV,T,2024-06-12,US,TE,100,40.9417,83.489,"$3,110 ","$3,010 ",6120
24401122,24200606,AMIN,T,2024-06-12,CA,PM,151,21.7029,52.29,"$5,486 ","$2,410 ",7896
24401123,24200851,AMIN,T,2024-06-12,CA,PM,4,16.78,106.45,$376 ,$49 ,426
24401124,24200861,JAKI,T,2024-06-12,CA,NW,8,21.7463,76.86,$487 ,$128 ,615
24401125,24200871,AMIN,T,2024-06-12,CA,PO,8,14.3313,33.461,$183 ,$84 ,268
24401126,24200876,AMIN,T,2024-06-12,CA,PM,20,13.6895,77.76,"$1,354 ",$201 ,1555
24401127,24200881,AMIN,T,2024-06-12,CA,PM,50,14.155,35.94,"$1,277 ",$520 ,1797
24401128,24200911,AMIN,T,2024-06-12,CA,TO,11,16.1109,115.15,"$1,136 ",$130 ,1267
317020,24250000,SGOY,D,2024-06-12,CA,TE,10,10.831,22,$140 ,$80 ,220
317021,24250292,WMOR,D,2024-06-12,CA,TE,60,13.83,47.75,"$2,255 ",$610 ,2865
317022,24250300,WMOR,D,2024-06-12,US,TE,512,1.5581,12.169,"$3,980 ",$587 ,4567
317022,24250300,WMOR,D,2024-06-12,US,TE,47,29.7038,159.407,"$4,465 ","$1,027 ",5492
317023,24250311,SGOY,D,2024-06-12,CA,PM,2,107.76,949.45,"$1,740 ",$158 ,1899
317023,24250311,SGOY,D,2024-06-12,CA,PM,2,826.035,1868,"$2,521 ","$1,215 ",3736
317024,24250424,WMOR,D,2024-06-12,CA,TE,100,0.5948,2.17,$173 ,$44 ,217
317024,24250424,WMOR,D,2024-06-12,CA,TE,100,3.9139,13.58,"$1,070 ",$288 ,1358
317024,24250424,WMOR,D,2024-06-12,CA,TE,100,0.8499,3.48,$286 ,$62 ,348
317024,24250424,WMOR,D,2024-06-12,CA,TE,100,0.0429,2.71,$268 ,$3 ,271
317024,24250424,WMOR,D,2024-06-12,CA,TE,50,2.944,9.23,$353 ,$108 ,462
317024,24250424,WMOR,D,2024-06-12,CA,TE,50,0.2442,2.39,$111 ,$9 ,120
317024,24250424,WMOR,D,2024-06-12,CA,TE,50,0.48,1.51,$58 ,$18 ,76
317024,24250424,WMOR,D,2024-06-12,CA,TE,25,3.67,11.53,$221 ,$67 ,288
317024,24250424,WMOR,D,2024-06-12,CA,TE,50,3.929,12.35,$473 ,$144 ,618
317024,24250424,WMOR,D,2024-06-12,CA,TE,50,1.632,4.89,$185 ,$60 ,245
317024,24250424,WMOR,D,2024-06-12,CA,TE,50,0.225,1.98,$91 ,$8 ,99
317024,24250424,WMOR,D,2024-06-12,CA,TE,25,13.71,43.06,$824 ,$252 ,1077
317032,24250445,WMOR,D,2024-06-12,CA,TE,20,79.619,173.322,"$1,370 ","$1,171 ",2541
24002074,24100343,FBER,B,2024-06-11,US,TR,936,10.2559,14.79,"$4,244 ","$9,600 ",13843
24002074,24100343,FBER,B,2024-06-11,US,TR,1,0,0,$0 ,$0 ,0
24002075,24101119,KTIE,B,2024-06-11,US,NW,72,36.7225,0,"($2,644)","$2,644 ",0
24002075,24101119,KTIE,B,2024-06-11,US,NW,1,0,0,$0 ,$0 ,0
24002076,24100853,DGAS,B,2024-06-11,US,PS,1500,1.4595,2.88,"$2,131 ","$2,189 ",4320
24002076,24100853,DGAS,B,2024-06-11,US,PS,1,0,0,$0 ,$0 ,0
24002077,24101069,MRHO,B,2024-06-11,US,PI,31,61.13,99.08,"$1,176 ","$1,895 ",3071
24002077,24101069,MRHO,B,2024-06-11,US,PI,1,0,0,$0 ,$0 ,0
24002078,24101111,MRHO,B,2024-06-11,US,PI,43,34.3005,60.72,"$1,136 ","$1,475 ",2611
24002078,24101111,MRHO,B,2024-06-11,US,PI,1,0,0,$0 ,$0 ,0
24002079,24101120,KTIE,B,2024-06-11,US,NW,116,36.7225,0,"($4,260)","$4,260 ",0
24002079,24101120,KTIE,B,2024-06-11,US,NW,1,0,0,$0 ,$0 ,0
24002080,24101121,KTIE,B,2024-06-11,US,NW,44,36.7225,0,"($1,616)","$1,616 ",0
24002080,24101121,KTIE,B,2024-06-11,US,NW,1,0,0,$0 ,$0 ,0
24002081,24101122,KTIE,B,2024-06-11,US,NW,73,36.7225,0,"($2,681)","$2,681 ",0
24002081,24101122,KTIE,B,2024-06-11,US,NW,1,0,0,$0 ,$0 ,0
24002082,24101268,MRHO,B,2024-06-11,US,PI,24,6.1083,29.21,$554 ,$147 ,701
24002082,24101268,MRHO,B,2024-06-11,US,PI,1,0,0,$0 ,$0 ,0
24002083,24101558,BHOU,B,2024-06-11,CA,IC,12,0.9792,22.728,$261 ,$12 ,273
24002083,24101558,BHOU,B,2024-06-11,CA,IC,10,0.98,22.727,$217 ,$10 ,227
24401103,23201638,SBEA,T,2024-06-11,US,TA,50,14.2484,160.73,"$5,367 ",$524 ,5891
24401104,24200484,SBEA,T,2024-06-11,US,TA,200,15.1506,41.212,"$3,814 ","$2,228 ",6042
24401104,24200484,SBEA,T,2024-06-11,US,TA,200,15.1506,41.212,"$3,814 ","$2,228 ",6042
24401104,24200484,SBEA,T,2024-06-11,US,TA,200,15.1506,41.212,"$3,814 ","$2,228 ",6042
24401104,24200484,SBEA,T,2024-06-11,US,TA,200,15.1506,41.212,"$3,814 ","$2,228 ",6042
24401104,24200484,SBEA,T,2024-06-11,US,TA,200,15.1506,41.212,"$3,814 ","$2,228 ",6042
24401105,24200769,SBEA,T,2024-06-11,US,TA,100,18.8991,36.779,"$1,306 ","$1,390 ",2696
24401106,24200581,SGOY,T,2024-06-11,CA,PM,36,28.5014,79.69,"$2,114 ",$754 ,2869
24401107,24200651,AMIN,T,2024-06-11,CA,PP,240,9.1808,45.35,"$9,264 ","$1,620 ",10884
24401108,24200658,AMIN,T,2024-06-11,CA,PM,4,14.8275,121.89,$444 ,$44 ,488
24401109,24200863,OGAL,T,2024-06-11,CA,NO,13,14.2762,82.99,$942 ,$136 ,1079
24401110,24200874,AMIN,T,2024-06-11,CA,PM,1,18.19,150,$137 ,$13 ,150
24401110,24200874,AMIN,T,2024-06-11,CA,PM,8,16.7763,100,$701 ,$99 ,800
24401111,24200883,AMIN,T,2024-06-11,CA,PO,12,12.505,44.52,$424 ,$110 ,534
24401112,24200891,AMIN,T,2024-06-11,CA,PO,4,7.5775,50.01,$178 ,$22 ,200
24401113,24200901,OGAL,T,2024-06-11,US,PO,8,4.725,25.579,$122 ,$28 ,150
24401114,24200909,SGOY,T,2024-06-11,CA,PO,8,4.725,21.24,$142 ,$28 ,170
24401115,24200912,AMIN,T,2024-06-11,CA,OL,10,6.858,36.75,$317 ,$50 ,368
317015,24250285,SGOY,D,2024-06-11,CA,PS,5,90.896,212.45,$728 ,$334 ,1062
317017,24250396,AMIN,D,2024-06-11,CA,NM,3,56.4,142.36,$303 ,$124 ,427
317018,24250397,AMIN,D,2024-06-11,CA,NM,3,56.4,142.36,$303 ,$124 ,427
317019,24250398,AMIN,D,2024-06-11,CA,NM,3,56.4,142.36,$303 ,$124 ,427
317025,21251177,WMOR,D,2024-06-11,CA,TE,16,5005.9144,6140.264,"$13,123 ","$58,893 ",72016
24002049,24100343,FBER,B,2024-06-10,US,TR,720,10.2559,14.79,"$3,265 ","$7,384 ",10649
24002049,24100343,FBER,B,2024-06-10,US,TR,1,0,0,$0 ,$0 ,0
24002050,24100499,SBEA,B,2024-06-10,US,TA,26,4.8596,113.6,"$2,827 ",$126 ,2954
24002050,24100499,SBEA,B,2024-06-10,US,TA,1,0,0,$0 ,$0 ,0
24002051,24101231,SGOY,B,2024-06-10,CA,TR,100,6.0321,10.76,$473 ,$603 ,1076
24002052,24101548,BHOU,B,2024-06-10,SP,IC,6,110.325,190,$478 ,$662 ,1140
24002053,23103085,DGAS,B,2024-06-10,US,PS,293,1.3545,2.78,$418 ,$397 ,815
24002053,23103085,DGAS,B,2024-06-10,US,PS,1,0,0,$0 ,$0 ,0
24002054,23103178,MRHO,B,2024-06-10,US,PO,5,100.53,184,$417 ,$503 ,920
24002054,23103178,MRHO,B,2024-06-10,US,PO,91,100.53,184,"$7,596 ","$9,148 ",16744
24002055,23103497,DGAS,B,2024-06-10,US,PV,4000,0.8196,2.47,"$6,602 ","$3,278 ",9880
24002055,23103497,DGAS,B,2024-06-10,US,PV,1,0,0,$0 ,$0 ,0
24002056,24100315,BHOU,B,2024-06-10,US,TC,2000,2.4555,3.14,"$1,369 ","$4,911 ",6280
24002057,24100370,BHOU,B,2024-06-10,US,TC,1000,2.6563,5.27,"$2,614 ","$2,656 ",5270
24002058,24100399,FBER,B,2024-06-10,US,TR,48,6.7063,18.41,$562 ,$322 ,884
24002058,24100399,FBER,B,2024-06-10,US,TR,24,8.1392,15.13,$168 ,$195 ,363
24002058,24100399,FBER,B,2024-06-10,US,TR,1,0,0,$0 ,$0 ,0
24002059,24100557,SBEA,B,2024-06-10,US,TA,3000,1.9159,4.96,"$9,132 ","$5,748 ",14880
24002059,24100557,SBEA,B,2024-06-10,US,TA,2,0,750,"$1,500 ",$0 ,1500
24002059,24100557,SBEA,B,2024-06-10,US,TA,1,0,0,$0 ,$0 ,0
24002060,24100640,KTIE,B,2024-06-10,US,NW,10,573.11,1512,"$9,389 ","$5,731 ",15120
24002060,24100640,KTIE,B,2024-06-10,US,NW,15,279.256,479,"$2,996 ","$4,189 ",7185
24002061,24100899,KTIE,B,2024-06-10,US,NW,20,37.4405,41,$71 ,$749 ,820
24002061,24100899,KTIE,B,2024-06-10,US,NW,156,17.655,45,"$4,266 ","$2,754 ",7020
24002061,24100899,KTIE,B,2024-06-10,US,NW,1,0,0,$136 ,$0 ,136
24002062,24101048,DGAS,B,2024-06-10,US,PP,52,18.6704,36.38,$921 ,$971 ,1892
24002062,24101048,DGAS,B,2024-06-10,US,PP,1,0,0,$54 ,$0 ,54
24002063,24101216,MRHO,B,2024-06-10,US,TR,24,8.8121,22.06,$318 ,$211 ,529
24002063,24101216,MRHO,B,2024-06-10,US,TR,24,10.0621,9.5,($13),$241 ,228
24002063,24101216,MRHO,B,2024-06-10,US,TR,1,0,0,$0 ,$0 ,0
24002064,24101242,AMIN,B,2024-06-10,CA,TR,80,8.5291,10.58,$164 ,$682 ,846
24002065,24101387,DGAS,B,2024-06-10,US,PP,55,18.6704,36.38,$974 ,"$1,027 ",2001
24002065,24101387,DGAS,B,2024-06-10,US,PP,1,0,0,$57 ,$0 ,57
24002066,24101393,MRHO,B,2024-06-10,US,PI,24,13.1779,34.06,$501 ,$316 ,817
24002066,24101393,MRHO,B,2024-06-10,US,PI,1,0,0,$0 ,$0 ,0
24002067,24101451,DGAS,B,2024-06-10,US,PP,16,15.4656,28.29,$205 ,$247 ,453
24002067,24101451,DGAS,B,2024-06-10,US,PP,1,0,0,$0 ,$0 ,0
24002068,24101458,MRHO,B,2024-06-10,US,OL,50,6.0642,18.29,$611 ,$303 ,915
24002068,24101458,MRHO,B,2024-06-10,US,OL,1,0,0,$0 ,$0 ,0
24002069,24101493,KTIE,B,2024-06-10,US,NW,20,17.655,45,$547 ,$353 ,900
24002069,24101493,KTIE,B,2024-06-10,US,NW,1,0,0,$37 ,$0 ,37
24002070,24101497,KTIE,B,2024-06-10,US,NW,20,17.655,48.25,$612 ,$353 ,965
24002070,24101497,KTIE,B,2024-06-10,US,NW,1,0,0,$35 ,$0 ,35
24002071,24101531,MWIS,B,2024-06-10,US,OL,2,530.2,1650,"$2,240 ","$1,060 ",3300
24002071,24101531,MWIS,B,2024-06-10,US,OL,1,0,0,$67 ,$0 ,67
24002072,24101535,BHOU,B,2024-06-10,CA,IC,10,13.688,19.68,$60 ,$137 ,197
24002072,24101535,BHOU,B,2024-06-10,CA,IC,4,82.16,119,$147 ,$329 ,476
24002072,24101535,BHOU,B,2024-06-10,CA,IC,10,86.16,144.81,$587 ,$862 ,1448
24002072,24101535,BHOU,B,2024-06-10,CA,IC,30,113.7053,103.77,($298),"$3,411 ",3113
24002072,24101535,BHOU,B,2024-06-10,CA,IC,250,0.3255,0.43,$26 ,$81 ,108
24002072,24101535,BHOU,B,2024-06-10,CA,IC,150,0.5145,0.7,$28 ,$77 ,105
24002072,24101535,BHOU,B,2024-06-10,CA,IC,2500,0.1304,0.19,$149 ,$326 ,475
24002072,24101535,BHOU,B,2024-06-10,CA,IC,33,8.7342,12.05,$109 ,$288 ,398
24002073,24101573,BHOU,B,2024-06-10,CA,IC,60,10.5007,14.49,$239 ,$630 ,869
24401096,23201916,SBEA,T,2024-06-10,US,TA,410,1.0577,14.583,"$4,064 ",$319 ,4383
24401096,23201916,SBEA,T,2024-06-10,US,TA,10,1.058,14.583,$99 ,$8 ,107
24401097,24200691,SBEA,T,2024-06-10,US,TA,88,28.6139,111.66,"$5,351 ","$1,851 ",7203
24401097,24200691,SBEA,T,2024-06-10,US,TA,9,28.6144,111.66,$547 ,$189 ,737
24401097,24200691,SBEA,T,2024-06-10,US,TA,100,28.6139,111.66,"$6,081 ","$2,104 ",8185
24401097,24200691,SBEA,T,2024-06-10,US,TA,60,31.3377,143.514,"$4,929 ","$1,383 ",6312
24401097,24200691,SBEA,T,2024-06-10,US,TA,100,31.3377,143.514,"$8,216 ","$2,304 ",10520
24401097,24200691,SBEA,T,2024-06-10,US,TA,100,31.3377,143.514,"$8,216 ","$2,304 ",10520
24401097,24200691,SBEA,T,2024-06-10,US,TA,95,26.8429,111.66,"$5,901 ","$1,875 ",7776
24401097,24200691,SBEA,T,2024-06-10,US,TA,5,26.842,111.66,$311 ,$99 ,409
24401097,24200691,SBEA,T,2024-06-10,US,TA,100,26.8429,111.66,"$6,211 ","$1,974 ",8185
24401097,24200691,SBEA,T,2024-06-10,US,TA,60,26.8428,111.66,"$3,727 ","$1,184 ",4911
24401097,24200691,SBEA,T,2024-06-10,US,TA,100,26.8429,111.66,"$6,211 ","$1,974 ",8185
24401098,24200651,AMIN,T,2024-06-10,CA,PP,100,16.3358,90.7,"$7,869 ","$1,201 ",9070
24401099,24200783,AMIN,T,2024-06-10,CA,PM,72,16.764,27.95,"$1,125 ",$888 ,2012
24401099,24200783,AMIN,T,2024-06-10,CA,PM,36,22.6686,101.1,"$3,040 ",$600 ,3640
24401100,24200789,SGOY,T,2024-06-10,CA,PO,42,22.6893,160.89,"$6,057 ",$701 ,6757
24401101,24200831,OGAL,T,2024-06-10,CA,PO,8,305.865,533.62,"$2,470 ","$1,799 ",4269
24401102,24200845,SGOY,T,2024-06-10,CA,PS,1600,3.9087,5.4,"$4,042 ","$4,598 ",8640
317009,24250251,JAKI,D,2024-06-10,CA,NW,2,8033.17,12424,"$13,035 ","$11,813 ",24848
317010,24250252,SGOY,D,2024-06-10,CA,PO,2,143.005,535.71,$861 ,$210 ,1071
317011,24250266,MRHO,D,2024-06-10,US,PO,4,395.74,1030.858,"$1,859 ","$1,164 ",3023
317012,24250298,AMIN,D,2024-06-10,CA,OM,40,50.8398,393.29,"$14,236 ","$1,495 ",15732
317013,24250338,SGOY,D,2024-06-10,CA,PO,1,143.01,535.71,$431 ,$105 ,536
317014,24250403,MRHO,D,2024-06-10,US,PO,36,7.7203,46.342,"$1,019 ",$204 ,1223
317016,24250376,JAKI,D,2024-06-10,CA,NW,2,74.06,192.3,$276 ,$109 ,385
317016,24250376,JAKI,D,2024-06-10,CA,NW,1,247.14,812.7,$631 ,$182 ,813
24002041,24100343,FBER,B,2024-06-07,US,TR,2880,10.2559,14.79,"$13,058 ","$29,537 ",42595
24002042,24100722,FBER,B,2024-06-07,US,TR,500,7.717,14.62,"$3,452 ","$3,859 ",7310
24002042,24100722,FBER,B,2024-06-07,US,TR,1,0,0,$0 ,$0 ,0
24002043,24101133,BHOU,B,2024-06-07,SP,IC,100,19.7281,73.9,"$5,417 ","$1,973 ",7390
24002044,23103187,MRHO,B,2024-06-07,US,PO,100,10.7658,14.68,$391 ,"$1,077 ",1468
24002044,23103187,MRHO,B,2024-06-07,US,PO,1,0,0,$0 ,$0 ,0
24002045,24100286,MRHO,B,2024-06-07,US,PS,250,1.9498,10,"$2,013 ",$487 ,2500
24002045,24100286,MRHO,B,2024-06-07,US,PS,1,0,0,$0 ,$0 ,0
24002046,24100707,MRHO,B,2024-06-07,US,PS,100,3.6204,7.08,$346 ,$362 ,708
24002046,24100707,MRHO,B,2024-06-07,US,PS,200,5.4464,4.83,($123),"$1,089 ",966
24002046,24100707,MRHO,B,2024-06-07,US,PS,1,0,0,$0 ,$0 ,0
24002047,24101087,MRHO,B,2024-06-07,US,TR,200,4.5877,11.17,"$1,316 ",$918 ,2234
24002047,24101087,MRHO,B,2024-06-07,US,TR,1,0,0,$0 ,$0 ,0
24002048,24101284,MRHO,B,2024-06-07,US,PS,10,9.049,17.9,$89 ,$90 ,179
24002048,24101284,MRHO,B,2024-06-07,US,PS,1,0,0,$0 ,$0 ,0
24401085,24200295,THOU,T,2024-06-07,US,IC,900,24.7982,5.552,"($12,748)","$16,411 ",3663
24401086,24200378,THOU,T,2024-06-07,US,IC,356,0.5619,0.764,$52 ,$147 ,199
24401086,24200378,THOU,T,2024-06-07,US,IC,419,0.5619,0.764,$62 ,$173 ,235
24401086,24200378,THOU,T,2024-06-07,US,IC,405,0.5619,0.764,$59 ,$167 ,227
24401086,24200378,THOU,T,2024-06-07,US,IC,410,0.5619,0.764,$60 ,$169 ,230
24401086,24200378,THOU,T,2024-06-07,US,IC,410,0.5619,0.764,$60 ,$169 ,230
24401087,24200435,SBEA,T,2024-06-07,US,TA,100,51.218,101.169,"$3,650 ","$3,766 ",7416
24401087,24200435,SBEA,T,2024-06-07,US,TA,100,51.218,101.169,"$3,650 ","$3,766 ",7416
24401087,24200435,SBEA,T,2024-06-07,US,TA,100,51.218,101.169,"$3,650 ","$3,766 ",7416
24401087,24200435,SBEA,T,2024-06-07,US,TA,100,51.218,101.169,"$3,650 ","$3,766 ",7416
24401087,24200435,SBEA,T,2024-06-07,US,TA,100,51.218,101.169,"$3,650 ","$3,766 ",7416
24401088,24200442,SBEA,T,2024-06-07,US,TA,92,1.4768,19.031,"$1,183 ",$100 ,1283
24401088,24200442,SBEA,T,2024-06-07,US,TA,8,1.4763,19.031,$103 ,$9 ,112
24401089,24200566,SBEA,T,2024-06-07,US,TA,195,4.2144,24.446,"$2,890 ",$604 ,3494
24401089,24200566,SBEA,T,2024-06-07,US,TA,5,4.214,24.446,$74 ,$15 ,90
24401090,24200640,THOU,T,2024-06-07,SK,IC,90,42.4366,65.973,"$1,544 ","$2,808 ",4352
24401090,24200640,THOU,T,2024-06-07,SK,IC,110,42.4365,65.973,"$1,887 ","$3,432 ",5320
24401091,24200492,AMIN,T,2024-06-07,CA,PO,240,2.8365,13.18,"$2,663 ",$501 ,3163
24401092,24200848,AMIN,T,2024-06-07,CA,NM,48,18.875,89.71,"$3,640 ",$666 ,4306
24401093,24200851,AMIN,T,2024-06-07,CA,PM,4,17.6025,105.41,$370 ,$52 ,422
24401094,24200857,AMIN,T,2024-06-07,CA,PM,8,10.8775,117.17,$873 ,$64 ,937
24401095,24200864,AMIN,T,2024-06-07,CA,PS,30,3.8013,17.23,$433 ,$84 ,517
24401095,24200864,AMIN,T,2024-06-07,CA,PS,30,5.1157,19.32,$467 ,$113 ,580
317004,24250198,WMOR,D,2024-06-07,CA,TR,16,19.95,75.78,$978 ,$235 ,1212
317005,24250208,SGOY,D,2024-06-07,CA,TE,540,5.0848,18.17,"$7,793 ","$2,019 ",9812
317006,24250279,DHOU,D,2024-06-07,US,IC,50,13.8908,58.947,"$1,650 ",$511 ,2161
317007,24250386,SGOY,D,2024-06-07,CA,NH,100,51.0554,92.48,"$5,494 ","$3,754 ",9248
317008,24250432,OGAL,D,2024-06-07,CA,PO,50,1.789,9.36,$402 ,$66 ,468
24002028,24100348,GXAV,B,2024-06-06,US,TR,800,9.3597,15.72,"$5,088 ","$7,488 ",12576
24002028,24100348,GXAV,B,2024-06-06,US,TR,1,0,0,$0 ,$0 ,0
24002029,24100705,KTIE,B,2024-06-06,US,NW,400,17.655,39,"$8,538 ","$7,062 ",15600
24002029,24100705,KTIE,B,2024-06-06,US,NW,100,37.4404,37,($44),"$3,744 ",3700
24002029,24100705,KTIE,B,2024-06-06,US,NW,15,22.1213,44,$328 ,$332 ,660
24002029,24100705,KTIE,B,2024-06-06,US,NW,50,19.69,49,"$1,466 ",$985 ,2450
24002029,24100705,KTIE,B,2024-06-06,US,NW,1,0,0,$717 ,$0 ,717
24002030,24100865,GXAV,B,2024-06-06,US,TE,100,10.2501,11.88,$163 ,"$1,025 ",1188
24002030,24100865,GXAV,B,2024-06-06,US,TE,100,10.2501,11.88,$163 ,"$1,025 ",1188
24002030,24100865,GXAV,B,2024-06-06,US,TE,1,0,0,$0 ,$0 ,0
24002031,24101276,SBEA,B,2024-06-06,US,TA,1,0,1250,"$1,250 ",$0 ,1250
24002032,24101423,FBER,B,2024-06-06,US,TR,24,10.0621,8.86,($29),$241 ,213
24002032,24101423,FBER,B,2024-06-06,US,TR,1,0,0,$0 ,$0 ,0
24002033,24101426,GXAV,B,2024-06-06,US,TE,24,4.1354,9,$117 ,$99 ,216
24002033,24101426,GXAV,B,2024-06-06,US,TE,1,0,0,$0 ,$0 ,0
24002034,24101431,DGAS,B,2024-06-06,US,TR,48,6.4069,8.26,$89 ,$308 ,396
24002034,24101431,DGAS,B,2024-06-06,US,TR,1,0,0,$30 ,$0 ,30
24002035,24100490,MWIS,B,2024-06-06,US,PV,100,2.6609,8.52,$586 ,$266 ,852
24002035,24100490,MWIS,B,2024-06-06,US,PV,1,0,0,$0 ,$0 ,0
24002036,24100562,MRHO,B,2024-06-06,US,PS,16,12.6281,18.11,$88 ,$202 ,290
24002036,24100562,MRHO,B,2024-06-06,US,PS,1,0,0,$0 ,$0 ,0
24002037,24100918,MRHO,B,2024-06-06,US,PS,100,16.7593,22.49,$573 ,"$1,676 ",2249
24002037,24100918,MRHO,B,2024-06-06,US,PS,1,0,0,$0 ,$0 ,0
24002038,24101063,MWIS,B,2024-06-06,US,PP,70,14.8439,63.51,"$3,407 ","$1,039 ",4446
24002038,24101063,MWIS,B,2024-06-06,US,PP,1,0,0,$0 ,$0 ,0
24002039,24101188,MRHO,B,2024-06-06,US,PS,100,7.0075,8.24,$123 ,$701 ,824
24002039,24101188,MRHO,B,2024-06-06,US,PS,1,0,0,$0 ,$0 ,0
24002040,24101484,DGAS,B,2024-06-06,US,PO,6,2.9333,34.15,$187 ,$18 ,205
24002040,24101484,DGAS,B,2024-06-06,US,PO,1,0,0,$0 ,$0 ,0
24401078,24200617,AMIN,T,2024-06-06,CA,PM,10,11.286,57.2,$489 ,$83 ,572
24401079,24200630,AMIN,T,2024-06-06,CA,NM,50,29.5538,196.77,"$8,752 ","$1,087 ",9839
24401080,24200741,AMIN,T,2024-06-06,CA,PI,40,25.1353,51,"$1,301 ",$739 ,2040
24401081,24200807,AMIN,T,2024-06-06,CA,PO,8,14.3313,33.461,$183 ,$84 ,268
24401082,24200817,SGOY,T,2024-06-06,CA,PS,800,3.9087,5.4,"$2,021 ","$2,299 ",4320
24401083,24200854,AMIN,T,2024-06-06,CA,PC,60,23.1283,87.77,"$4,246 ","$1,020 ",5266
24401084,24200908,OGAL,T,2024-06-06,CA,PO,100,0.3,1.09,$87 ,$22 ,109
24401084,24200908,OGAL,T,2024-06-06,CA,PO,100,0.49,1.09,$73 ,$36 ,109
24401084,24200908,OGAL,T,2024-06-06,CA,PO,100,0.63,1.61,$115 ,$46 ,161
24401084,24200908,OGAL,T,2024-06-06,CA,PO,100,0.43,1.07,$75 ,$32 ,107
24401084,24200908,OGAL,T,2024-06-06,CA,PO,100,0.31,0.81,$58 ,$23 ,81
24401084,24200908,OGAL,T,2024-06-06,CA,PO,100,0.0001,0.6,$60 ,$0 ,60
317001,23250835,MRHO,D,2024-06-06,US,PO,40,22.6263,54.936,$945 ,$665 ,1611
317002,24250199,WMOR,D,2024-06-06,US,TE,20,105.54,496.773,"$5,731 ","$1,552 ",7283
317003,24250372,DHOU,D,2024-06-06,AU,IC,400,10.1366,22.018,"$3,475 ","$2,981 ",6456
24002018,24100069,FBER,B,2024-06-05,US,TR,816,10.2559,14.79,"$3,700 ","$8,369 ",12069
24002018,24100069,FBER,B,2024-06-05,US,TR,1,0,0,$0 ,$0 ,0
24002019,24101530,FBER,B,2024-06-05,US,NO,1,140.74,250.02,$109 ,$141 ,250
24002019,24101530,FBER,B,2024-06-05,US,NO,1,0,0,$0 ,$0 ,0
24002020,24100360,MRHO,B,2024-06-05,US,TR,120,6.7063,18.41,"$1,404 ",$805 ,2209
24002021,24100407,KTIE,B,2024-06-05,US,NW,1200,25.021,42.82,"$21,359 ","$30,025 ",51384
24002022,24100761,KTIE,B,2024-06-05,US,NW,1200,30.1455,82.38,"$62,681 ","$36,175 ",98856
24002023,24100838,SBEA,B,2024-06-05,US,TA,35,0.5409,5.84,$185 ,$19 ,204
24002023,24100838,SBEA,B,2024-06-05,US,TA,1,0,0,$0 ,$0 ,0
24002024,24101442,MRHO,B,2024-06-05,US,PI,24,17.8213,39.91,$530 ,$428 ,958
24002024,24101442,MRHO,B,2024-06-05,US,PI,1,0,0,$0 ,$0 ,0
24002025,24101443,MRHO,B,2024-06-05,US,PI,25,9.554,23.98,$361 ,$239 ,600
24002025,24101443,MRHO,B,2024-06-05,US,PI,1,0,0,$0 ,$0 ,0
24002026,24101468,DGAS,B,2024-06-05,US,PP,24,8.0321,26.47,$443 ,$193 ,635
24002026,24101468,DGAS,B,2024-06-05,US,PP,12,7.5225,26.29,$225 ,$90 ,315
24002026,24101468,DGAS,B,2024-06-05,US,PP,8,11.905,25.57,$109 ,$95 ,205
24002026,24101468,DGAS,B,2024-06-05,US,PP,24,10.8392,25.94,$362 ,$260 ,623
24002026,24101468,DGAS,B,2024-06-05,US,PP,1,0,150,$150 ,$0 ,150
24002026,24101468,DGAS,B,2024-06-05,US,PP,1,0,0,$50 ,$0 ,50
24002027,24101549,BHOU,B,2024-06-05,CA,IC,67.8,14.2065,17.76,$241 ,$963 ,1204
24401068,24200060,SBEA,T,2024-06-05,US,TA,15,3.0893,71.143,$748 ,$34 ,782
24401068,24200060,SBEA,T,2024-06-05,US,TA,4,3.09,71.143,$200 ,$9 ,209
24401069,24200229,SBEA,T,2024-06-05,US,TA,400,11.2765,48.129,"$10,795 ","$3,317 ",14112
24401070,24200643,THOU,T,2024-06-05,US,IC,1000,0.3394,0.887,$400 ,$250 ,650
24401071,24200767,SBEA,T,2024-06-05,US,TA,100,7.9612,36.424,"$2,085 ",$585 ,2670
24401072,24200768,SBEA,T,2024-06-05,US,TA,100,8.8039,37.229,"$1,849 ",$880 ,2729
24401073,24200619,SGOY,T,2024-06-05,CA,NH,40,10.2735,82.44,"$2,995 ",$302 ,3298
24401074,24200761,AMIN,T,2024-06-05,CA,PM,24,41.2204,146.72,"$2,794 ",$727 ,3521
24401075,24200795,JAKI,T,2024-06-05,CA,NH,8,36.57,176.869,$822 ,$215 ,1037
24401075,24200795,JAKI,T,2024-06-05,CA,NH,33,22.8252,70.365,"$1,148 ",$554 ,1702
24401076,24200850,AMIN,T,2024-06-05,CA,PR,12,4.6992,41.22,$453 ,$41 ,495
24401077,24200884,SGOY,T,2024-06-05,CA,PO,24,11.6746,58.4,"$1,196 ",$206 ,1402
316994,23250713,SBEA,D,2024-06-05,UK,TA,44,57.9148,115.78,"$1,861 ","$1,874 ",3734
316994,23250713,SBEA,D,2024-06-05,UK,TA,100,57.9147,115.78,"$4,229 ","$4,258 ",8487
316995,23250714,SBEA,D,2024-06-05,UK,TA,117,57.9147,115.78,"$4,947 ","$4,982 ",9930
316996,24250223,OGAL,D,2024-06-05,US,PO,10,83.12,263.932,"$1,324 ",$611 ,1935
316997,24250262,OGAL,D,2024-06-05,US,PO,9,41.8256,168.247,$833 ,$277 ,1110
316998,24250297,SGOY,D,2024-06-05,CA,TE,340,6.084,14.12,"$3,280 ","$1,521 ",4801
316999,24250410,OGAL,D,2024-06-05,US,PO,12,4.8817,0,($43),$43 ,0
317000,23250348,WMOR,D,2024-06-05,CA,TE,2000,79.619,127.94,"$138,793 ","$117,087 ",255880
24001994,23101778,BHOU,B,2024-06-04,AU,IC,57,43.68,84.68,"$2,337 ","$2,490 ",4827
24001995,23102062,BHOU,B,2024-06-04,AU,IC,87,43.68,84.68,"$3,567 ","$3,800 ",7367
24001996,23102309,BHOU,B,2024-06-04,AU,IC,20,39.94,109.11,"$1,383 ",$799 ,2182
24001997,23102878,BHOU,B,2024-06-04,AU,IC,39,37.96,81.62,"$1,703 ","$1,480 ",3183
24001998,23103143,BHOU,B,2024-06-04,AU,IC,297,41.9,66.01,"$7,161 ","$12,444 ",19605
24001999,23103474,BHOU,B,2024-06-04,AU,IC,200,93.95,171.18,"$15,446 ","$18,790 ",34236
24002000,24100180,BHOU,B,2024-06-04,AU,IC,3,37.96,81.62,$131 ,$114 ,245
24002001,23103291,FBER,B,2024-06-04,US,TR,1000,7.8809,15.98,"$8,099 ","$7,881 ",15980
24002001,23103291,FBER,B,2024-06-04,US,TR,1,0,0,$0 ,$0 ,0
24002002,24100195,DGAS,B,2024-06-04,US,NM,50,18.8898,26.39,$375 ,$944 ,1320
24002002,24100195,DGAS,B,2024-06-04,US,NM,1,0,0,$0 ,$0 ,0
24002003,24101239,DGAS,B,2024-06-04,US,NM,61,27.0579,58.21,"$1,900 ","$1,651 ",3551
24002003,24101239,DGAS,B,2024-06-04,US,NM,1,0,0,$0 ,$0 ,0
24002004,24101186,MWIS,B,2024-06-04,US,OL,150,5.7838,13.69,"$1,186 ",$868 ,2054
24002004,24101186,MWIS,B,2024-06-04,US,OL,1,0,0,$47 ,$0 ,47
24002005,24101363,MRHO,B,2024-06-04,US,TE,200,3.2736,12.67,"$1,879 ",$655 ,2534
24002005,24101363,MRHO,B,2024-06-04,US,TE,1,0,0,$0 ,$0 ,0
24002006,24100064,BHOU,B,2024-06-04,US,TC,4000,1.2527,1.74,"$1,949 ","$5,011 ",6960
24002007,24100314,BHOU,B,2024-06-04,US,TC,2000,1.663,2.89,"$2,454 ","$3,326 ",5780
24002008,24100408,KTIE,B,2024-06-04,US,NW,300,9.3103,32.12,"$6,843 ","$2,793 ",9636
24002009,24100761,KTIE,B,2024-06-04,US,NW,200,28.8691,72.49,"$8,724 ","$5,774 ",14498
24002010,24101079,SBEA,B,2024-06-04,US,TA,488,7.12,27.25,"$9,823 ","$3,475 ",13298
24002010,24101079,SBEA,B,2024-06-04,US,TA,1,0,0,$0 ,$0 ,0
24002011,24101308,MWIS,B,2024-06-04,US,PR,76,14.4545,43.53,"$2,210 ","$1,099 ",3308
24002011,24101308,MWIS,B,2024-06-04,US,PR,1,0,0,$74 ,$0 ,74
24002012,24101354,FBER,B,2024-06-04,US,PC,4,25.9425,194.81,$675 ,$104 ,779
24002012,24101354,FBER,B,2024-06-04,US,PC,10,25.769,59.59,$338 ,$258 ,596
24002013,24101355,MWIS,B,2024-06-04,US,PI,100,6.6403,14.44,$780 ,$664 ,1444
24002013,24101355,MWIS,B,2024-06-04,US,PI,1,0,0,$38 ,$0 ,38
24002014,24101357,MWIS,B,2024-06-04,US,PI,125,20.4676,64.17,"$5,463 ","$2,558 ",8021
24002014,24101357,MWIS,B,2024-06-04,US,PI,1,0,0,$422 ,$0 ,422
24002015,24101392,MRHO,B,2024-06-04,US,PI,24,8.3575,23.19,$356 ,$201 ,557
24002015,24101392,MRHO,B,2024-06-04,US,PI,1,0,0,$0 ,$0 ,0
24002016,24101398,DGAS,B,2024-06-04,US,PP,36,14.8939,35.56,$744 ,$536 ,1280
24002016,24101398,DGAS,B,2024-06-04,US,PP,1,0,0,$0 ,$0 ,0
24401060,24200316,SBEA,T,2024-06-04,US,TA,19,1.1026,10.9,$136 ,$15 ,152
24401060,24200316,SBEA,T,2024-06-04,US,TA,10,1.103,10.9,$72 ,$8 ,80
24401060,24200316,SBEA,T,2024-06-04,US,TA,46,1.1026,10.9,$330 ,$37 ,368
24401060,24200316,SBEA,T,2024-06-04,US,TA,85,1.1025,10.9,$610 ,$69 ,679
24401061,24200435,SBEA,T,2024-06-04,US,TA,100,51.218,101.169,"$3,650 ","$3,766 ",7416
24401062,24200643,THOU,T,2024-06-04,US,IC,31,65.1974,90.706,$575 ,"$1,486 ",2061
24401063,24200808,AMIN,T,2024-06-04,CA,TP,6,9.6783,57.78,$304 ,$43 ,347
24401064,24200836,AMIN,T,2024-06-04,CA,PM,25,16.4944,35.31,$580 ,$303 ,883
24401065,24200873,AMIN,T,2024-06-04,CA,OL,25,19.0768,46.59,$814 ,$351 ,1165
24401066,24200877,SGOY,T,2024-06-04,CA,PO,9,6.4911,39.41,$312 ,$43 ,355
24401067,24200898,SGOY,T,2024-06-04,CA,PO,12,3.2492,17.1,$177 ,$29 ,205
316990,24250296,SGOY,D,2024-06-04,CA,NH,42,10.1919,29.85,$939 ,$315 ,1254
316991,24250300,WMOR,D,2024-06-04,US,TE,256,1.1334,9.017,"$1,479 ",$213 ,1692
316991,24250300,WMOR,D,2024-06-04,US,TE,512,0.521,3.22,"$1,012 ",$196 ,1208
316991,24250300,WMOR,D,2024-06-04,US,TE,64,6.4622,20.081,$638 ,$304 ,942
316991,24250300,WMOR,D,2024-06-04,US,TE,512,0.8935,7.64,"$2,531 ",$336 ,2867
316991,24250300,WMOR,D,2024-06-04,US,TE,17,29.7035,159.407,"$1,615 ",$371 ,1986
316992,24250426,WMOR,D,2024-06-04,CA,TE,10,86.462,336.94,"$2,734 ",$636 ,3369
316993,23250034,WMOR,D,2024-06-04,US,TR,20,791.649,1957.627,"$17,058 ","$11,642 ",28700
24001975,24100058,DGAS,B,2024-06-03,US,NM,81,19.5284,30.38,$879 ,"$1,582 ",2461
24001975,24100058,DGAS,B,2024-06-03,US,NM,1,0,0,$0 ,$0 ,0
24001976,24100549,KTIE,B,2024-06-03,US,NW,22,181.43,362.25,"$3,978 ","$3,991 ",7970
24001976,24100549,KTIE,B,2024-06-03,US,NW,1,0,0,$0 ,$0 ,0
24001977,24101147,MRHO,B,2024-06-03,US,NT,5,43.526,171.01,$637 ,$218 ,855
24001977,24101147,MRHO,B,2024-06-03,US,NT,5,44.388,171.01,$633 ,$222 ,855
24001978,24101386,FBER,B,2024-06-03,US,TR,50,4.1354,4.91,$39 ,$207 ,246
24001978,24101386,FBER,B,2024-06-03,US,TR,1,0,0,$0 ,$0 ,0
24001979,24100028,SBEA,B,2024-06-03,US,TA,13,4.8592,113.6,"$1,414 ",$63 ,1477
24001979,24100028,SBEA,B,2024-06-03,US,TA,1,0,0,$0 ,$0 ,0
24001980,24100702,SBEA,B,2024-06-03,US,TA,20,12.932,172.29,"$3,187 ",$259 ,3446
24001980,24100702,SBEA,B,2024-06-03,US,TA,1,0,0,$0 ,$0 ,0
24001981,24100753,DGAS,B,2024-06-03,US,PO,4,22.935,54.25,$125 ,$92 ,217
24001981,24100753,DGAS,B,2024-06-03,US,PO,8,75.5913,88.73,$105 ,$605 ,710
24001981,24100753,DGAS,B,2024-06-03,US,PO,50,3.6564,11.74,$404 ,$183 ,587
24001981,24100753,DGAS,B,2024-06-03,US,PO,1,0,0,$0 ,$0 ,0
24001982,24101025,MRHO,B,2024-06-03,US,PI,10,6.613,21.9,$153 ,$66 ,219
24001982,24101025,MRHO,B,2024-06-03,US,PI,1,0,0,$24 ,$0 ,24
24001983,24101331,MWIS,B,2024-06-03,US,PR,16,2.9569,42.47,$632 ,$47 ,680
24001983,24101331,MWIS,B,2024-06-03,US,PR,1,0,0,$0 ,$0 ,0
24001984,24101436,FBER,B,2024-06-03,US,PS,50,4.4996,9.99,$275 ,$225 ,500
24001984,24101436,FBER,B,2024-06-03,US,PS,1,0,0,$0 ,$0 ,0
24001985,24100040,MWIS,B,2024-06-03,US,OL,300,5.2077,9.75,"$1,363 ","$1,562 ",2925
24001985,24100040,MWIS,B,2024-06-03,US,OL,1,0,0,$0 ,$0 ,0
24001986,24100118,SGOY,B,2024-06-03,CA,TR,72,8.5831,11.26,$193 ,$618 ,811
24001987,24100324,MWIS,B,2024-06-03,US,PI,165,11.22,20.2,"$1,482 ","$1,851 ",3333
24001987,24100324,MWIS,B,2024-06-03,US,PI,165,11.22,20.2,"$1,482 ","$1,851 ",3333
24001987,24100324,MWIS,B,2024-06-03,US,PI,165,11.22,20.2,"$1,482 ","$1,851 ",3333
24001987,24100324,MWIS,B,2024-06-03,US,PI,1,0,0,$199 ,$0 ,199
24001988,24100452,KTIE,B,2024-06-03,US,NW,1,291.44,690,$399 ,$291 ,690
24001988,24100452,KTIE,B,2024-06-03,US,NW,1,0,0,$30 ,$0 ,30
24001989,24100560,KTIE,B,2024-06-03,US,NW,12,50.0667,91.5,$497 ,$601 ,1098
24001989,24100560,KTIE,B,2024-06-03,US,NW,1,0,0,$0 ,$0 ,0
24001990,24100743,SBEA,B,2024-06-03,US,TA,99,5.38,79.21,"$7,309 ",$533 ,7842
24001990,24100743,SBEA,B,2024-06-03,US,TA,1,0,0,$0 ,$0 ,0
24001991,24100762,KTIE,B,2024-06-03,US,NW,100,30.7577,110.85,"$8,009 ","$3,076 ",11085
24001992,24101174,OGAL,B,2024-06-03,US,NH,50,6.9922,25.05,$903 ,$350 ,1253
24001992,24101174,OGAL,B,2024-06-03,US,NH,25,11.1732,33.02,$546 ,$279 ,826
24001992,24101174,OGAL,B,2024-06-03,US,NH,25,8.4888,27.83,$484 ,$212 ,696
24001992,24101174,OGAL,B,2024-06-03,US,NH,1,0,0,$88 ,$0 ,88
24001993,24101394,DGAS,B,2024-06-03,US,PP,8,10.855,31.37,$164 ,$87 ,251
24001993,24101394,DGAS,B,2024-06-03,US,PP,1,0,0,$0 ,$0 ,0
24401052,23201793,THOU,T,2024-06-03,US,IC,144,30.3018,50.052,"$2,075 ","$3,208 ",5283
24401053,24200187,SBEA,T,2024-06-03,US,TA,27,52.9133,118.508,"$1,295 ","$1,050 ",2345
24401053,24200187,SBEA,T,2024-06-03,US,TA,100,52.9134,118.508,"$4,796 ","$3,891 ",8687
24401053,24200187,SBEA,T,2024-06-03,US,TA,30,52.9133,118.508,"$1,439 ","$1,167 ",2606
24401053,24200187,SBEA,T,2024-06-03,US,TA,93,52.9134,118.508,"$4,461 ","$3,618 ",8079
24401054,24200378,THOU,T,2024-06-03,US,IC,402,0.5228,0.709,$55 ,$155 ,209
24401054,24200378,THOU,T,2024-06-03,US,IC,420,0.5228,0.709,$57 ,$161 ,218
24401054,24200378,THOU,T,2024-06-03,US,IC,370,0.5228,0.709,$50 ,$142 ,192
24401054,24200378,THOU,T,2024-06-03,US,IC,408,0.5228,0.709,$55 ,$157 ,212
24401054,24200378,THOU,T,2024-06-03,US,IC,400,0.5228,0.709,$54 ,$154 ,208
24401055,24200392,SBEA,T,2024-06-03,US,TA,1436,2.3739,8.281,"$6,210 ","$2,507 ",8717
24401055,24200392,SBEA,T,2024-06-03,US,TA,14,2.3736,8.281,$61 ,$24 ,85
24401056,24200679,SGOY,T,2024-06-03,CA,TP,20,26.337,140.98,"$2,432 ",$387 ,2820
24401057,24200816,SGOY,T,2024-06-03,CA,PO,1,153.14,281.82,$169 ,$113 ,282
24401058,24200822,SGOY,T,2024-06-03,CA,PO,3,137.5267,245.14,$432 ,$303 ,735
24401059,24200853,SGOY,T,2024-06-03,CA,PO,3,130.76,240.25,$432 ,$288 ,721
316985,24250233,MRHO,D,2024-06-03,US,PI,2,576.525,2709.71,"$3,125 ",$848 ,3973
316986,24250253,DHOU,D,2024-06-03,US,IC,1,420.5,483.2,$45 ,$309 ,354
316987,24250274,DHOU,D,2024-06-03,US,IC,1,420.5,483.2,$45 ,$309 ,354
316988,24250316,SGOY,D,2024-06-03,CA,TP,36,68.5469,289.78,"$8,618 ","$1,814 ",10432
316989,24250381,MRHO,D,2024-06-03,US,PO,36,14.9522,46.942,$843 ,$396 ,1239